/* Customer (x100) */

-- Musa's generated inserts
Insert into customer (license, name, address, state) values ('85689615', 'TEMPLATE', 'TEMPLATE', 'MS');
Insert into customer (license, name, address, state) values ('97816874', 'TEMPLATE', 'TEMPLATE', 'AL');
Insert into customer (license, name, address, state) values ('88065283', 'TEMPLATE', 'TEMPLATE', 'NY');
Insert into customer (license, name, address, state) values ('84370389', 'TEMPLATE', 'TEMPLATE', 'ME');
Insert into customer (license, name, address, state) values ('89198829', 'TEMPLATE', 'TEMPLATE', 'VA');
Insert into customer (license, name, address, state) values ('24541067', 'TEMPLATE', 'TEMPLATE', 'WY');
Insert into customer (license, name, address, state) values ('10088743', 'TEMPLATE', 'TEMPLATE', 'ME');
Insert into customer (license, name, address, state) values ('50998263', 'TEMPLATE', 'TEMPLATE', 'IL');
Insert into customer (license, name, address, state) values ('85594541', 'TEMPLATE', 'TEMPLATE', 'IN');
Insert into customer (license, name, address, state) values ('35957482', 'TEMPLATE', 'TEMPLATE', 'NM');
Insert into customer (license, name, address, state) values ('28466897', 'TEMPLATE', 'TEMPLATE', 'MA');
Insert into customer (license, name, address, state) values ('25719568', 'TEMPLATE', 'TEMPLATE', 'CO');
Insert into customer (license, name, address, state) values ('24020674', 'TEMPLATE', 'TEMPLATE', 'NV');
Insert into customer (license, name, address, state) values ('78818663', 'TEMPLATE', 'TEMPLATE', 'TX');
Insert into customer (license, name, address, state) values ('68282461', 'TEMPLATE', 'TEMPLATE', 'UT');
Insert into customer (license, name, address, state) values ('19948708', 'TEMPLATE', 'TEMPLATE', 'MD');
Insert into customer (license, name, address, state) values ('48962408', 'TEMPLATE', 'TEMPLATE', 'NC');
Insert into customer (license, name, address, state) values ('58275134', 'TEMPLATE', 'TEMPLATE', 'WA');
Insert into customer (license, name, address, state) values ('20540543', 'TEMPLATE', 'TEMPLATE', 'SC');
Insert into customer (license, name, address, state) values ('96786030', 'TEMPLATE', 'TEMPLATE', 'OR');
Insert into customer (license, name, address, state) values ('65515459', 'TEMPLATE', 'TEMPLATE', 'WA');
Insert into customer (license, name, address, state) values ('88513566', 'TEMPLATE', 'TEMPLATE', 'UT');
Insert into customer (license, name, address, state) values ('68849309', 'TEMPLATE', 'TEMPLATE', 'CO');
Insert into customer (license, name, address, state) values ('36723498', 'TEMPLATE', 'TEMPLATE', 'ID');
Insert into customer (license, name, address, state) values ('60575225', 'TEMPLATE', 'TEMPLATE', 'KY');
Insert into customer (license, name, address, state) values ('29871004', 'TEMPLATE', 'TEMPLATE', 'WA');
Insert into customer (license, name, address, state) values ('84782035', 'TEMPLATE', 'TEMPLATE', 'OH');
Insert into customer (license, name, address, state) values ('93537855', 'TEMPLATE', 'TEMPLATE', 'MO');
Insert into customer (license, name, address, state) values ('63605816', 'TEMPLATE', 'TEMPLATE', 'ND');
Insert into customer (license, name, address, state) values ('70289259', 'TEMPLATE', 'TEMPLATE', 'MS');
Insert into customer (license, name, address, state) values ('18387453', 'TEMPLATE', 'TEMPLATE', 'HI');
Insert into customer (license, name, address, state) values ('25025207', 'TEMPLATE', 'TEMPLATE', 'KY');
Insert into customer (license, name, address, state) values ('32598198', 'TEMPLATE', 'TEMPLATE', 'CA');
Insert into customer (license, name, address, state) values ('16783897', 'TEMPLATE', 'TEMPLATE', 'IL');
Insert into customer (license, name, address, state) values ('96168619', 'TEMPLATE', 'TEMPLATE', 'HI');
Insert into customer (license, name, address, state) values ('78985035', 'TEMPLATE', 'TEMPLATE', 'AL');
Insert into customer (license, name, address, state) values ('39429938', 'TEMPLATE', 'TEMPLATE', 'DE');
Insert into customer (license, name, address, state) values ('30750916', 'TEMPLATE', 'TEMPLATE', 'HI');
Insert into customer (license, name, address, state) values ('57028933', 'TEMPLATE', 'TEMPLATE', 'MT');
Insert into customer (license, name, address, state) values ('98586621', 'TEMPLATE', 'TEMPLATE', 'SC');
Insert into customer (license, name, address, state) values ('73347494', 'TEMPLATE', 'TEMPLATE', 'ID');
Insert into customer (license, name, address, state) values ('59445284', 'TEMPLATE', 'TEMPLATE', 'IN');
Insert into customer (license, name, address, state) values ('51803483', 'TEMPLATE', 'TEMPLATE', 'VT');
Insert into customer (license, name, address, state) values ('16537533', 'TEMPLATE', 'TEMPLATE', 'TX');
Insert into customer (license, name, address, state) values ('32721540', 'TEMPLATE', 'TEMPLATE', 'AL');
Insert into customer (license, name, address, state) values ('94305386', 'TEMPLATE', 'TEMPLATE', 'WA');
Insert into customer (license, name, address, state) values ('27637951', 'TEMPLATE', 'TEMPLATE', 'RI');
Insert into customer (license, name, address, state) values ('19187598', 'TEMPLATE', 'TEMPLATE', 'DE');
Insert into customer (license, name, address, state) values ('10129408', 'TEMPLATE', 'TEMPLATE', 'OK');
Insert into customer (license, name, address, state) values ('99556968', 'TEMPLATE', 'TEMPLATE', 'WY');
Insert into customer (license, name, address, state) values ('35598673', 'TEMPLATE', 'TEMPLATE', 'IA');
Insert into customer (license, name, address, state) values ('38895749', 'TEMPLATE', 'TEMPLATE', 'TN');
Insert into customer (license, name, address, state) values ('84693690', 'TEMPLATE', 'TEMPLATE', 'VT');
Insert into customer (license, name, address, state) values ('19702066', 'TEMPLATE', 'TEMPLATE', 'WV');
Insert into customer (license, name, address, state) values ('90820662', 'TEMPLATE', 'TEMPLATE', 'NV');
Insert into customer (license, name, address, state) values ('24498438', 'TEMPLATE', 'TEMPLATE', 'DE');
Insert into customer (license, name, address, state) values ('70795345', 'TEMPLATE', 'TEMPLATE', 'OH');
Insert into customer (license, name, address, state) values ('19309074', 'TEMPLATE', 'TEMPLATE', 'WY');
Insert into customer (license, name, address, state) values ('68404949', 'TEMPLATE', 'TEMPLATE', 'AL');
Insert into customer (license, name, address, state) values ('25907610', 'TEMPLATE', 'TEMPLATE', 'NY');
Insert into customer (license, name, address, state) values ('98179410', 'TEMPLATE', 'TEMPLATE', 'MN');
Insert into customer (license, name, address, state) values ('38785135', 'TEMPLATE', 'TEMPLATE', 'WA');
Insert into customer (license, name, address, state) values ('38323036', 'TEMPLATE', 'TEMPLATE', 'OH');
Insert into customer (license, name, address, state) values ('82960893', 'TEMPLATE', 'TEMPLATE', 'DE');
Insert into customer (license, name, address, state) values ('61391604', 'TEMPLATE', 'TEMPLATE', 'NE');
Insert into customer (license, name, address, state) values ('28397198', 'TEMPLATE', 'TEMPLATE', 'MA');
Insert into customer (license, name, address, state) values ('96619132', 'TEMPLATE', 'TEMPLATE', 'DC');
Insert into customer (license, name, address, state) values ('56962636', 'TEMPLATE', 'TEMPLATE', 'AL');
Insert into customer (license, name, address, state) values ('32438011', 'TEMPLATE', 'TEMPLATE', 'MN');
Insert into customer (license, name, address, state) values ('29197292', 'TEMPLATE', 'TEMPLATE', 'CT');
Insert into customer (license, name, address, state) values ('78939905', 'TEMPLATE', 'TEMPLATE', 'WA');
Insert into customer (license, name, address, state) values ('87676774', 'TEMPLATE', 'TEMPLATE', 'ME');
Insert into customer (license, name, address, state) values ('25009522', 'TEMPLATE', 'TEMPLATE', 'OK');
Insert into customer (license, name, address, state) values ('57084006', 'TEMPLATE', 'TEMPLATE', 'KS');
Insert into customer (license, name, address, state) values ('62727665', 'TEMPLATE', 'TEMPLATE', 'MA');
Insert into customer (license, name, address, state) values ('96962345', 'TEMPLATE', 'TEMPLATE', 'NM');
Insert into customer (license, name, address, state) values ('18742141', 'TEMPLATE', 'TEMPLATE', 'IA');
Insert into customer (license, name, address, state) values ('45786987', 'TEMPLATE', 'TEMPLATE', 'IN');
Insert into customer (license, name, address, state) values ('27928227', 'TEMPLATE', 'TEMPLATE', 'WI');
Insert into customer (license, name, address, state) values ('46635857', 'TEMPLATE', 'TEMPLATE', 'CO');
Insert into customer (license, name, address, state) values ('16925958', 'TEMPLATE', 'TEMPLATE', 'MT');
Insert into customer (license, name, address, state) values ('97202696', 'TEMPLATE', 'TEMPLATE', 'KS');
Insert into customer (license, name, address, state) values ('30578843', 'TEMPLATE', 'TEMPLATE', 'CO');
Insert into customer (license, name, address, state) values ('85117487', 'TEMPLATE', 'TEMPLATE', 'NM');
Insert into customer (license, name, address, state) values ('65273001', 'TEMPLATE', 'TEMPLATE', 'TX');
Insert into customer (license, name, address, state) values ('24748496', 'TEMPLATE', 'TEMPLATE', 'AK');
Insert into customer (license, name, address, state) values ('30870481', 'TEMPLATE', 'TEMPLATE', 'FL');
Insert into customer (license, name, address, state) values ('17284207', 'TEMPLATE', 'TEMPLATE', 'MA');
Insert into customer (license, name, address, state) values ('38250740', 'TEMPLATE', 'TEMPLATE', 'AL');
Insert into customer (license, name, address, state) values ('17082164', 'TEMPLATE', 'TEMPLATE', 'IL');
Insert into customer (license, name, address, state) values ('27203015', 'TEMPLATE', 'TEMPLATE', 'IA');
Insert into customer (license, name, address, state) values ('45760115', 'TEMPLATE', 'TEMPLATE', 'MS');
Insert into customer (license, name, address, state) values ('21623470', 'TEMPLATE', 'TEMPLATE', 'ID');
Insert into customer (license, name, address, state) values ('58292160', 'TEMPLATE', 'TEMPLATE', 'IN');
Insert into customer (license, name, address, state) values ('22414175', 'TEMPLATE', 'TEMPLATE', 'NC');
Insert into customer (license, name, address, state) values ('52171088', 'TEMPLATE', 'TEMPLATE', 'CT');
Insert into customer (license, name, address, state) values ('26381583', 'TEMPLATE', 'TEMPLATE', 'ID');
Insert into customer (license, name, address, state) values ('19495327', 'TEMPLATE', 'TEMPLATE', 'ND');
Insert into customer (license, name, address, state) values ('30102077', 'TEMPLATE', 'TEMPLATE', 'AZ');
Insert into customer (license, name, address, state) values ('85299527', 'TEMPLATE', 'TEMPLATE', 'FL');

-- Alterations using separate data
UPDATE customer SET name = 'Darius Stark', address = 'P.O. Box 154, 1721 Magna. Rd.' WHERE id = 1;
UPDATE customer SET name = 'Quinlan Serrano', address = 'P.O. Box 904, 1506 Litora Ave' WHERE id = 2;
UPDATE customer SET name = 'Anthony Duffy', address = 'Ap #784-6065 Ullamcorper Rd.' WHERE id = 3;
UPDATE customer SET name = 'Demetrius Mccray', address = 'P.O. Box 522, 9965 Est St.' WHERE id = 4;
UPDATE customer SET name = 'Quinlan Church', address = 'P.O. Box 384, 9023 Duis Rd.' WHERE id = 5;
UPDATE customer SET name = 'Vaughan Rasmussen', address = '8535 Et Avenue' WHERE id = 6;
UPDATE customer SET name = 'Zachary Parrish', address = '7660 Semper St.' WHERE id = 7;
UPDATE customer SET name = 'Isaac French', address = 'P.O. Box 398, 2051 Urna. Road' WHERE id = 8;
UPDATE customer SET name = 'Burton Beasley', address = '406-2153 Et St.' WHERE id = 9;
UPDATE customer SET name = 'Tad Hamilton', address = 'Ap #457-9126 Purus Ave' WHERE id = 10;
UPDATE customer SET name = 'Price Hebert', address = 'P.O. Box 775, 5466 Eget St.' WHERE id = 11;
UPDATE customer SET name = 'Dean Burks', address = 'Ap #713-6919 Ultrices Rd.' WHERE id = 12;
UPDATE customer SET name = 'Uriah Mcintosh', address = '983 Malesuada Ave' WHERE id = 13;
UPDATE customer SET name = 'Herrod Walsh', address = '165-5208 Scelerisque Avenue' WHERE id = 14;
UPDATE customer SET name = 'Cole Morrison', address = '814-8813 Suspendisse Rd.' WHERE id = 15;
UPDATE customer SET name = 'Zachary Fry', address = 'Ap #946-4681 Nisl St.' WHERE id = 16;
UPDATE customer SET name = 'Adam Barnett', address = 'P.O. Box 846, 4749 Hendrerit Ave' WHERE id = 17;
UPDATE customer SET name = 'Louis Castillo', address = 'Ap #185-7350 Molestie St.' WHERE id = 18;
UPDATE customer SET name = 'Kasper Delacruz', address = 'P.O. Box 733, 612 Ante, St.' WHERE id = 19;
UPDATE customer SET name = 'Gary Hanson', address = '269-5378 Nulla Avenue' WHERE id = 20;
UPDATE customer SET name = 'Kasper Kim', address = 'Ap #332-9638 Accumsan Rd.' WHERE id = 21;
UPDATE customer SET name = 'Omar Long', address = '513-8641 Lectus Road' WHERE id = 22;
UPDATE customer SET name = 'Abraham French', address = '240-4234 Felis Avenue' WHERE id = 23;
UPDATE customer SET name = 'Trevor Delaney', address = 'Ap #212-930 Velit. Rd.' WHERE id = 24;
UPDATE customer SET name = 'Ashton Craft', address = '309 Tristique Street' WHERE id = 25;
UPDATE customer SET name = 'Ignatius Terrell', address = 'P.O. Box 970, 1861 Mauris Rd.' WHERE id = 26;
UPDATE customer SET name = 'Baxter Flores', address = 'Ap #918-1108 Vel Street' WHERE id = 27;
UPDATE customer SET name = 'Stuart Kramer', address = 'P.O. Box 518, 8162 Velit Avenue' WHERE id = 28;
UPDATE customer SET name = 'Gareth Salazar', address = 'P.O. Box 192, 9828 Maecenas Ave' WHERE id = 29;
UPDATE customer SET name = 'Ali Wolf', address = '567-5085 Sociis St.' WHERE id = 30;
UPDATE customer SET name = 'Aladdin Wiggins', address = 'Ap #945-1929 Sed Rd.' WHERE id = 31;
UPDATE customer SET name = 'Keith Acevedo', address = '944-4857 Blandit. St.' WHERE id = 32;
UPDATE customer SET name = 'Armando Waller', address = 'P.O. Box 632, 6794 Porttitor Av.' WHERE id = 33;
UPDATE customer SET name = 'Sebastian Dalton', address = '389-8781 Lorem Ave' WHERE id = 34;
UPDATE customer SET name = 'Wang Jennings', address = '604 Luctus. Av.' WHERE id = 35;
UPDATE customer SET name = 'Lars Peterson', address = 'P.O. Box 140, 520 Fermentum Rd.' WHERE id = 36;
UPDATE customer SET name = 'Castor Phelps', address = 'Ap #278-7159 Sem Ave' WHERE id = 37;
UPDATE customer SET name = 'Yoshio Graham', address = '389-3927 Magna. Av.' WHERE id = 38;
UPDATE customer SET name = 'Laith Bright', address = 'P.O. Box 790, 8094 Id, St.' WHERE id = 39;
UPDATE customer SET name = 'Reese Dotson', address = '6299 In, St.' WHERE id = 40;
UPDATE customer SET name = 'Elijah Valencia', address = 'P.O. Box 127, 3896 Rutrum Rd.' WHERE id = 41;
UPDATE customer SET name = 'Noble Giles', address = 'P.O. Box 165, 7752 Odio. St.' WHERE id = 42;
UPDATE customer SET name = 'Tobias Walter', address = '209-1953 Tortor Street' WHERE id = 43;
UPDATE customer SET name = 'Bernard Hopkins', address = 'P.O. Box 940, 8726 Accumsan Av.' WHERE id = 44;
UPDATE customer SET name = 'Arthur Jimenez', address = '1713 Curabitur Rd.' WHERE id = 45;
UPDATE customer SET name = 'Finn Trevino', address = 'P.O. Box 420, 3078 Mollis Street' WHERE id = 46;
UPDATE customer SET name = 'Gareth Meadows', address = 'Ap #145-2050 Libero. Ave' WHERE id = 47;
UPDATE customer SET name = 'Brody Key', address = '450-1566 Donec Ave' WHERE id = 48;
UPDATE customer SET name = 'Hammett Hyde', address = 'P.O. Box 713, 2667 Lobortis Av.' WHERE id = 49;
UPDATE customer SET name = 'Amos Young', address = '693-5468 Mollis. Rd.' WHERE id = 50;
UPDATE customer SET name = 'Alfonso Terry', address = '3918 Quam Avenue' WHERE id = 51;
UPDATE customer SET name = 'Robert Guzman', address = 'Ap #270-1423 Sed Avenue' WHERE id = 52;
UPDATE customer SET name = 'Neville Mosley', address = 'Ap #830-6481 Malesuada. Street' WHERE id = 53;
UPDATE customer SET name = 'Amir Cervantes', address = '823-321 Curabitur Rd.' WHERE id = 54;
UPDATE customer SET name = 'Kaseem Logan', address = 'Ap #879-3489 Sed Ave' WHERE id = 55;
UPDATE customer SET name = 'Reese Pittman', address = '782-1707 Feugiat Rd.' WHERE id = 56;
UPDATE customer SET name = 'Grant Boyd', address = 'P.O. Box 337, 7529 Elementum, Ave' WHERE id = 57;
UPDATE customer SET name = 'Reuben Summers', address = 'Ap #932-5831 Mauris Rd.' WHERE id = 58;
UPDATE customer SET name = 'Uriah Carson', address = '7749 Molestie Avenue' WHERE id = 59;
UPDATE customer SET name = 'Vernon Logan', address = 'P.O. Box 621, 4710 Felis St.' WHERE id = 60;
UPDATE customer SET name = 'Dexter Short', address = '2318 Eget Rd.' WHERE id = 61;
UPDATE customer SET name = 'Quinn Pittman', address = '7366 Mauris Av.' WHERE id = 62;
UPDATE customer SET name = 'Oleg Daniel', address = 'P.O. Box 792, 7667 Non, Av.' WHERE id = 63;
UPDATE customer SET name = 'Malcolm Fitzpatrick', address = 'P.O. Box 101, 9268 Nulla Ave' WHERE id = 64;
UPDATE customer SET name = 'Cade Lamb', address = '725-2903 Elit. Av.' WHERE id = 65;
UPDATE customer SET name = 'Zephania Rollins', address = 'Ap #188-9580 Quam. Avenue' WHERE id = 66;
UPDATE customer SET name = 'Cedric Rich', address = '352-6001 Egestas St.' WHERE id = 67;
UPDATE customer SET name = 'Elvis Delgado', address = '9085 Vel St.' WHERE id = 68;
UPDATE customer SET name = 'Damon Warner', address = 'Ap #160-843 Donec St.' WHERE id = 69;
UPDATE customer SET name = 'Barclay Weiss', address = '4543 Gravida Av.' WHERE id = 70;
UPDATE customer SET name = 'William Byers', address = '5066 In St.' WHERE id = 71;
UPDATE customer SET name = 'Gage Rush', address = '682-9204 Scelerisque Rd.' WHERE id = 72;
UPDATE customer SET name = 'Tyrone Whitaker', address = '2194 Urna Avenue' WHERE id = 73;
UPDATE customer SET name = 'Merritt Oliver', address = '7047 Morbi St.' WHERE id = 74;
UPDATE customer SET name = 'Vaughan Baldwin', address = 'Ap #344-4517 Vestibulum. St.' WHERE id = 75;
UPDATE customer SET name = 'Ivan Rush', address = '4733 Luctus Avenue' WHERE id = 76;
UPDATE customer SET name = 'Howard Guerrero', address = '7536 Mollis. St.' WHERE id = 77;
UPDATE customer SET name = 'Arsenio Ayers', address = '5711 Molestie St.' WHERE id = 78;
UPDATE customer SET name = 'Logan Dillon', address = 'Ap #142-2558 Sed Road' WHERE id = 79;
UPDATE customer SET name = 'Bradley Emerson', address = '5415 Convallis Road' WHERE id = 80;
UPDATE customer SET name = 'Evan Daniels', address = '355-3226 Lacus. Avenue' WHERE id = 81;
UPDATE customer SET name = 'Harding Cobb', address = '6464 Commodo St.' WHERE id = 82;
UPDATE customer SET name = 'Tiger Quinn', address = 'Ap #733-6178 Consectetuer Street' WHERE id = 83;
UPDATE customer SET name = 'Charles Roman', address = '2489 Elementum, St.' WHERE id = 84;
UPDATE customer SET name = 'Vernon Barker', address = 'Ap #990-471 Massa St.' WHERE id = 85;
UPDATE customer SET name = 'Brenden Fleming', address = 'P.O. Box 252, 949 Dolor St.' WHERE id = 86;
UPDATE customer SET name = 'Forrest Barrett', address = 'Ap #406-5677 Est, Ave' WHERE id = 87;
UPDATE customer SET name = 'Zane Mayer', address = '761-4346 Dui. St.' WHERE id = 88;
UPDATE customer SET name = 'Dustin Duke', address = '839-8883 Dis Rd.' WHERE id = 89;
UPDATE customer SET name = 'Dante Reid', address = 'P.O. Box 452, 7156 Gravida Ave' WHERE id = 90;
UPDATE customer SET name = 'Kasper Munoz', address = '2792 Dolor Road' WHERE id = 91;
UPDATE customer SET name = 'Kermit Gilliam', address = '909-7653 Massa. Rd.' WHERE id = 92;
UPDATE customer SET name = 'Tyler Mason', address = 'P.O. Box 656, 4495 Bibendum Road' WHERE id = 93;
UPDATE customer SET name = 'Clarke Hebert', address = '519-1684 Bibendum St.' WHERE id = 94;
UPDATE customer SET name = 'Gregory Cunningham', address = '8246 Aliquam Av.' WHERE id = 95;
UPDATE customer SET name = 'Patrick Harris', address = 'P.O. Box 278, 7179 Dolor. Rd.' WHERE id = 96;
UPDATE customer SET name = 'Brock Foster', address = '452-756 Malesuada. Street' WHERE id = 97;
UPDATE customer SET name = 'Len Hatfield', address = 'Ap #891-1371 Aliquam Street' WHERE id = 98;
UPDATE customer SET name = 'Abbot Wise', address = 'Ap #148-713 Vel, St.' WHERE id = 99;
UPDATE customer SET name = 'Russell Lucas', address = '4454 Magna. St.' WHERE id = 100;

-- Then drop the id column
alter table customer drop column id;


/* Location (x25) */

-- Musa's generated inserts
Insert into location (address, state, loc_type, inventory) values ('TEMPLATE', 'ID', 'Airport', 0);
Insert into location (address, state, loc_type, inventory) values ('TEMPLATE', 'WV', 'City Center', 0);
Insert into location (address, state, loc_type, inventory) values ('TEMPLATE', 'OH', 'Junkyard', 0);
Insert into location (address, state, loc_type, inventory) values ('TEMPLATE', 'TX', 'Airport', 0);
Insert into location (address, state, loc_type, inventory) values ('TEMPLATE', 'KY', 'Airport', 0);
Insert into location (address, state, loc_type, inventory) values ('TEMPLATE', 'HI', 'City Center', 0);
Insert into location (address, state, loc_type, inventory) values ('TEMPLATE', 'AZ', 'City Center', 0);
Insert into location (address, state, loc_type, inventory) values ('TEMPLATE', 'FL', 'City Center', 0);
Insert into location (address, state, loc_type, inventory) values ('TEMPLATE', 'VA', 'Train Station', 0);
Insert into location (address, state, loc_type, inventory) values ('TEMPLATE', 'SC', 'Train Station', 0);
Insert into location (address, state, loc_type, inventory) values ('TEMPLATE', 'IN', 'Airport', 0);
Insert into location (address, state, loc_type, inventory) values ('TEMPLATE', 'OK', 'Train Station', 0);
Insert into location (address, state, loc_type, inventory) values ('TEMPLATE', 'NH', 'Airport', 0);
Insert into location (address, state, loc_type, inventory) values ('TEMPLATE', 'NY', 'City Center', 0);
Insert into location (address, state, loc_type, inventory) values ('TEMPLATE', 'NY', 'Junkyard', 0);
Insert into location (address, state, loc_type, inventory) values ('TEMPLATE', 'CT', 'Junkyard', 0);
Insert into location (address, state, loc_type, inventory) values ('TEMPLATE', 'OH', 'Junkyard', 0);
Insert into location (address, state, loc_type, inventory) values ('TEMPLATE', 'NC', 'Junkyard', 0);
Insert into location (address, state, loc_type, inventory) values ('TEMPLATE', 'RI', 'Junkyard', 0);
Insert into location (address, state, loc_type, inventory) values ('TEMPLATE', 'IA', 'Junkyard', 0);
Insert into location (address, state, loc_type, inventory) values ('TEMPLATE', 'ME', 'Airport', 0);
Insert into location (address, state, loc_type, inventory) values ('TEMPLATE', 'KS', 'City Center', 0);
Insert into location (address, state, loc_type, inventory) values ('TEMPLATE', 'VT', 'City Center', 0);
Insert into location (address, state, loc_type, inventory) values ('TEMPLATE', 'RI', 'Airport', 0);
Insert into location (address, state, loc_type, inventory) values ('TEMPLATE', 'MA', 'City Center', 0);

-- Alterations using separate data
UPDATE location SET address = '666-7875 Et St.' WHERE loc_ID = 1;
UPDATE location SET address = 'P.O. Box 357, 1687 Morbi Avenue' WHERE loc_ID = 2;
UPDATE location SET address = 'P.O. Box 399, 104 Nulla Avenue' WHERE loc_ID = 3;
UPDATE location SET address = '865-5873 Lorem St.' WHERE loc_ID = 4;
UPDATE location SET address = 'Ap #973-4514 Maecenas Avenue' WHERE loc_ID = 5;
UPDATE location SET address = '979-5681 Mus. Road' WHERE loc_ID = 6;
UPDATE location SET address = '7183 Fusce Ave' WHERE loc_ID = 7;
UPDATE location SET address = 'P.O. Box 369, 4841 Cursus Rd.' WHERE loc_ID = 8;
UPDATE location SET address = 'P.O. Box 462, 9947 Neque Ave' WHERE loc_ID = 9;
UPDATE location SET address = 'P.O. Box 179, 3546 Quis Rd.' WHERE loc_ID = 10;
UPDATE location SET address = '355-3794 Suscipit, Rd.' WHERE loc_ID = 11;
UPDATE location SET address = 'Ap #832-6290 Massa Rd.' WHERE loc_ID = 12;
UPDATE location SET address = '9509 Mauris St.' WHERE loc_ID = 13;
UPDATE location SET address = '773-6431 Nascetur Street' WHERE loc_ID = 14;
UPDATE location SET address = '378-2694 Vel, Av.' WHERE loc_ID = 15;
UPDATE location SET address = '968-6077 Nibh Avenue' WHERE loc_ID = 16;
UPDATE location SET address = 'P.O. Box 286, 6890 Vivamus Street' WHERE loc_ID = 17;
UPDATE location SET address = 'Ap #745-4771 Felis St.' WHERE loc_ID = 18;
UPDATE location SET address = '644-4825 Et Rd.' WHERE loc_ID = 19;
UPDATE location SET address = '304-8821 Erat Av.' WHERE loc_ID = 20;
UPDATE location SET address = 'Ap #947-751 Tincidunt Rd.' WHERE loc_ID = 21;
UPDATE location SET address = 'Ap #940-3259 Ante Av.' WHERE loc_ID = 22;
UPDATE location SET address = 'P.O. Box 938, 3479 Justo Avenue' WHERE loc_ID = 23;
UPDATE location SET address = 'Ap #579-7136 Sed St.' WHERE loc_ID = 24;
UPDATE location SET address = 'Ap #745-4471 Dictum St.' WHERE loc_ID = 25;

/* Vehicle & Parks(x500) */

-- Musa's generated inserts
Insert into vehicle (license_plate, make, model, year, vehicle_type, baseRate, odometer, fuel_used, damage) values ('A939E25D', 'Ford', 'Edsel', '1960', 'full size', '69', 0, 0, 'no');
Insert into parks (loc_ID, license_plate) values (6, 'A939E25D');
Insert into vehicle (license_plate, make, model, year, vehicle_type, baseRate, odometer, fuel_used, damage) values ('1735915B', 'Isuzu', 'Axiom', '2001', 'SUV', '70', 0, 0, 'no');
Insert into parks (loc_ID, license_plate) values (14, '1735915B');
Insert into vehicle (license_plate, make, model, year, vehicle_type, baseRate, odometer, fuel_used, damage) values ('0D317F16', 'Yugo', 'Yugo', '2008', 'subcompact', '64', 0, 0, 'no');
Insert into parks (loc_ID, license_plate) values (4, '0D317F16');
Insert into vehicle (license_plate, make, model, year, vehicle_type, baseRate, odometer, fuel_used, damage) values ('0B27E332', 'Yugo', 'Yugo', '2008', 'subcompact', '64', 0, 0, 'no');
Insert into parks (loc_ID, license_plate) values (15, '0B27E332');
Insert into vehicle (license_plate, make, model, year, vehicle_type, baseRate, odometer, fuel_used, damage) values ('A34D34E1', 'Isuzu', 'Axiom', '2001', 'SUV', '70', 0, 0, 'no');
Insert into parks (loc_ID, license_plate) values (24, 'A34D34E1');
Insert into vehicle (license_plate, make, model, year, vehicle_type, baseRate, odometer, fuel_used, damage) values ('1609F787', 'AMC', 'Gremlin', '1972', 'subcompact', '65', 0, 0, 'no');
Insert into parks (loc_ID, license_plate) values (13, '1609F787');
Insert into vehicle (license_plate, make, model, year, vehicle_type, baseRate, odometer, fuel_used, damage) values ('B04E6307', 'Citroen', 'Deux Chevaux (2CV)', '1965', 'minicar', '80', 0, 0, 'no');
Insert into parks (loc_ID, license_plate) values (12, 'B04E6307');
Insert into vehicle (license_plate, make, model, year, vehicle_type, baseRate, odometer, fuel_used, damage) values ('5E566D92', 'VAZ', 'Lada', '1972', 'compact', '79', 0, 0, 'no');
Insert into parks (loc_ID, license_plate) values (9, '5E566D92');
Insert into vehicle (license_plate, make, model, year, vehicle_type, baseRate, odometer, fuel_used, damage) values ('5C2617F4', 'Volkswagen', 'Thing', '1980', 'truck', '74', 0, 0, 'no');
Insert into parks (loc_ID, license_plate) values (7, '5C2617F4');
Insert into vehicle (license_plate, make, model, year, vehicle_type, baseRate, odometer, fuel_used, damage) values ('701878BD', 'Yugo', 'Yugo', '2007', 'subcompact', '64', 0, 0, 'no');
Insert into parks (loc_ID, license_plate) values (3, '701878BD');
Insert into vehicle (license_plate, make, model, year, vehicle_type, baseRate, odometer, fuel_used, damage) values ('23D461DE', 'Yugo', 'Bongo', '2008', 'compact', '80', 0, 0, 'no');
Insert into parks (loc_ID, license_plate) values (22, '23D461DE');
Insert into vehicle (license_plate, make, model, year, vehicle_type, baseRate, odometer, fuel_used, damage) values ('1ED5475E', 'Trabant', 'Trabant', '1980', 'subcompact', '77', 0, 0, 'no');
Insert into parks (loc_ID, license_plate) values (19, '1ED5475E');
Insert into vehicle (license_plate, make, model, year, vehicle_type, baseRate, odometer, fuel_used, damage) values ('6A3CB781', 'Chevrolet', 'Vega', '1975', 'compact', '75', 0, 0, 'no');
Insert into parks (loc_ID, license_plate) values (24, '6A3CB781');
Insert into vehicle (license_plate, make, model, year, vehicle_type, baseRate, odometer, fuel_used, damage) values ('F3229340', 'AMC', 'Pacer', '1979', 'compact', '70', 0, 0, 'no');
Insert into parks (loc_ID, license_plate) values (17, 'F3229340');
Insert into vehicle (license_plate, make, model, year, vehicle_type, baseRate, odometer, fuel_used, damage) values ('714DF0A9', 'Toyota', 'Toyopet', '1960', 'subcompact', '84', 0, 0, 'no');
Insert into parks (loc_ID, license_plate) values (8, '714DF0A9');
Insert into vehicle (license_plate, make, model, year, vehicle_type, baseRate, odometer, fuel_used, damage) values ('B6320E33', 'Ford', 'Edsel', '1958', 'full size', '69', 0, 0, 'no');
Insert into parks (loc_ID, license_plate) values (5, 'B6320E33');
Insert into vehicle (license_plate, make, model, year, vehicle_type, baseRate, odometer, fuel_used, damage) values ('15E20186', 'Yugo', 'Yugo', '2008', 'subcompact', '64', 0, 0, 'no');
Insert into parks (loc_ID, license_plate) values (19, '15E20186');
Insert into vehicle (license_plate, make, model, year, vehicle_type, baseRate, odometer, fuel_used, damage) values ('DABF6D76', 'Yugo', 'Yugo', '2008', 'subcompact', '64', 0, 0, 'no');
Insert into parks (loc_ID, license_plate) values (4, 'DABF6D76');
Insert into vehicle (license_plate, make, model, year, vehicle_type, baseRate, odometer, fuel_used, damage) values ('A7C8A84D', 'Plymouth', 'Prowler', '2002', 'sports car', '88', 0, 0, 'no');
Insert into parks (loc_ID, license_plate) values (6, 'A7C8A84D');
Insert into vehicle (license_plate, make, model, year, vehicle_type, baseRate, odometer, fuel_used, damage) values ('E6DEEAF5', 'Pontiac', 'Aztek', '2005', 'minivan', '66', 0, 0, 'no');
Insert into parks (loc_ID, license_plate) values (12, 'E6DEEAF5');
Insert into vehicle (license_plate, make, model, year, vehicle_type, baseRate, odometer, fuel_used, damage) values ('54E08F63', 'Toyota', 'Toyopet', '1959', 'subcompact', '84', 0, 0, 'no');
Insert into parks (loc_ID, license_plate) values (22, '54E08F63');
Insert into vehicle (license_plate, make, model, year, vehicle_type, baseRate, odometer, fuel_used, damage) values ('9598CDC1', 'VAZ', 'Wrangler', '2007', 'SUV', '80', 0, 0, 'no');
Insert into parks (loc_ID, license_plate) values (10, '9598CDC1');
Insert into vehicle (license_plate, make, model, year, vehicle_type, baseRate, odometer, fuel_used, damage) values ('0B833EF0', 'VAZ', 'Wrangler', '2010', 'SUV', '80', 0, 0, 'no');
Insert into parks (loc_ID, license_plate) values (7, '0B833EF0');
Insert into vehicle (license_plate, make, model, year, vehicle_type, baseRate, odometer, fuel_used, damage) values ('6DA563B6', 'Toyota', 'Toyopet', '1959', 'subcompact', '84', 0, 0, 'no');
Insert into parks (loc_ID, license_plate) values (3, '6DA563B6');
Insert into vehicle (license_plate, make, model, year, vehicle_type, baseRate, odometer, fuel_used, damage) values ('AD2255BB', 'Chevrolet', 'Vega', '1973', 'compact', '75', 0, 0, 'no');
Insert into parks (loc_ID, license_plate) values (22, 'AD2255BB');
Insert into vehicle (license_plate, make, model, year, vehicle_type, baseRate, odometer, fuel_used, damage) values ('EA4A635A', 'VAZ', 'Lada', '1984', 'compact', '79', 0, 0, 'no');
Insert into parks (loc_ID, license_plate) values (1, 'EA4A635A');
Insert into vehicle (license_plate, make, model, year, vehicle_type, baseRate, odometer, fuel_used, damage) values ('9A48331B', 'VAZ', 'Wrangler', '2008', 'SUV', '80', 0, 0, 'no');
Insert into parks (loc_ID, license_plate) values (15, '9A48331B');
Insert into vehicle (license_plate, make, model, year, vehicle_type, baseRate, odometer, fuel_used, damage) values ('D33A7FA9', 'Pontiac', 'Aztek', '2005', 'minivan', '66', 0, 0, 'no');
Insert into parks (loc_ID, license_plate) values (4, 'D33A7FA9');
Insert into vehicle (license_plate, make, model, year, vehicle_type, baseRate, odometer, fuel_used, damage) values ('AAC83C48', 'Yugo', 'Yugo', '2007', 'subcompact', '64', 0, 0, 'no');
Insert into parks (loc_ID, license_plate) values (15, 'AAC83C48');
Insert into vehicle (license_plate, make, model, year, vehicle_type, baseRate, odometer, fuel_used, damage) values ('425A7B79', 'Pontiac', 'Aztek', '2004', 'minivan', '66', 0, 0, 'no');
Insert into parks (loc_ID, license_plate) values (9, '425A7B79');
Insert into vehicle (license_plate, make, model, year, vehicle_type, baseRate, odometer, fuel_used, damage) values ('2B8B3E89', 'Yugo', 'Yugo', '2008', 'subcompact', '64', 0, 0, 'no');
Insert into parks (loc_ID, license_plate) values (5, '2B8B3E89');
Insert into vehicle (license_plate, make, model, year, vehicle_type, baseRate, odometer, fuel_used, damage) values ('F1429EE0', 'Isuzu', 'Axiom', '2001', 'SUV', '70', 0, 0, 'no');
Insert into parks (loc_ID, license_plate) values (22, 'F1429EE0');
Insert into vehicle (license_plate, make, model, year, vehicle_type, baseRate, odometer, fuel_used, damage) values ('9FC8F2B6', 'Plymouth', 'Prowler', '1999', 'sports car', '88', 0, 0, 'no');
Insert into parks (loc_ID, license_plate) values (18, '9FC8F2B6');
Insert into vehicle (license_plate, make, model, year, vehicle_type, baseRate, odometer, fuel_used, damage) values ('55A164E7', 'AMC', 'Gremlin', '1978', 'subcompact', '65', 0, 0, 'no');
Insert into parks (loc_ID, license_plate) values (19, '55A164E7');
Insert into vehicle (license_plate, make, model, year, vehicle_type, baseRate, odometer, fuel_used, damage) values ('57EB17FD', 'AMC', 'Gremlin', '1972', 'subcompact', '65', 0, 0, 'no');
Insert into parks (loc_ID, license_plate) values (10, '57EB17FD');
Insert into vehicle (license_plate, make, model, year, vehicle_type, baseRate, odometer, fuel_used, damage) values ('CEACB0A7', 'AMC', 'Pacer', '1975', 'compact', '70', 0, 0, 'no');
Insert into parks (loc_ID, license_plate) values (20, 'CEACB0A7');
Insert into vehicle (license_plate, make, model, year, vehicle_type, baseRate, odometer, fuel_used, damage) values ('245DA4A5', 'VAZ', 'Lada', '1973', 'compact', '79', 0, 0, 'no');
Insert into parks (loc_ID, license_plate) values (12, '245DA4A5');
Insert into vehicle (license_plate, make, model, year, vehicle_type, baseRate, odometer, fuel_used, damage) values ('42D86632', 'Ford', 'Pinto', '1972', 'subcompact', '82', 0, 0, 'no');
Insert into parks (loc_ID, license_plate) values (9, '42D86632');
Insert into vehicle (license_plate, make, model, year, vehicle_type, baseRate, odometer, fuel_used, damage) values ('8A64419A', 'Pontiac', 'Aztek', '2003', 'minivan', '66', 0, 0, 'no');
Insert into parks (loc_ID, license_plate) values (16, '8A64419A');
Insert into vehicle (license_plate, make, model, year, vehicle_type, baseRate, odometer, fuel_used, damage) values ('07F95BB6', 'Isuzu', 'Axiom', '2001', 'SUV', '70', 0, 0, 'no');
Insert into parks (loc_ID, license_plate) values (4, '07F95BB6');
Insert into vehicle (license_plate, make, model, year, vehicle_type, baseRate, odometer, fuel_used, damage) values ('E0CE843B', 'Pontiac', 'Aztek', '2003', 'minivan', '66', 0, 0, 'no');
Insert into parks (loc_ID, license_plate) values (4, 'E0CE843B');
Insert into vehicle (license_plate, make, model, year, vehicle_type, baseRate, odometer, fuel_used, damage) values ('8F55C3DB', 'Citroen', 'Deux Chevaux (2CV)', '1990', 'minicar', '80', 0, 0, 'no');
Insert into parks (loc_ID, license_plate) values (23, '8F55C3DB');
Insert into vehicle (license_plate, make, model, year, vehicle_type, baseRate, odometer, fuel_used, damage) values ('8F0B384C', 'VAZ', 'Wrangler', '2009', 'SUV', '80', 0, 0, 'no');
Insert into parks (loc_ID, license_plate) values (15, '8F0B384C');
Insert into vehicle (license_plate, make, model, year, vehicle_type, baseRate, odometer, fuel_used, damage) values ('33385404', 'Trabant', 'Trabant', '1974', 'subcompact', '77', 0, 0, 'no');
Insert into parks (loc_ID, license_plate) values (6, '33385404');
Insert into vehicle (license_plate, make, model, year, vehicle_type, baseRate, odometer, fuel_used, damage) values ('218AF4CB', 'VAZ', 'Wrangler', '2007', 'SUV', '80', 0, 0, 'no');
Insert into parks (loc_ID, license_plate) values (11, '218AF4CB');
Insert into vehicle (license_plate, make, model, year, vehicle_type, baseRate, odometer, fuel_used, damage) values ('DAEBD052', 'Isuzu', 'Amazon', '2009', 'truck', '80', 0, 0, 'no');
Insert into parks (loc_ID, license_plate) values (24, 'DAEBD052');
Insert into vehicle (license_plate, make, model, year, vehicle_type, baseRate, odometer, fuel_used, damage) values ('6B8CF656', 'VAZ', 'Wrangler', '2007', 'SUV', '80', 0, 0, 'no');
Insert into parks (loc_ID, license_plate) values (13, '6B8CF656');
Insert into vehicle (license_plate, make, model, year, vehicle_type, baseRate, odometer, fuel_used, damage) values ('9C053B70', 'AMC', 'Gremlin', '1974', 'subcompact', '65', 0, 0, 'no');
Insert into parks (loc_ID, license_plate) values (6, '9C053B70');
Insert into vehicle (license_plate, make, model, year, vehicle_type, baseRate, odometer, fuel_used, damage) values ('09950D1C', 'VAZ', 'Wrangler', '2008', 'SUV', '80', 0, 0, 'no');
Insert into parks (loc_ID, license_plate) values (21, '09950D1C');
Insert into vehicle (license_plate, make, model, year, vehicle_type, baseRate, odometer, fuel_used, damage) values ('1542F9E1', 'Volkswagen', 'Thing', '1977', 'truck', '74', 0, 0, 'no');
Insert into parks (loc_ID, license_plate) values (18, '1542F9E1');
Insert into vehicle (license_plate, make, model, year, vehicle_type, baseRate, odometer, fuel_used, damage) values ('69DBB2AE', 'Yugo', 'Bongo', '2006', 'compact', '80', 0, 0, 'no');
Insert into parks (loc_ID, license_plate) values (20, '69DBB2AE');
Insert into vehicle (license_plate, make, model, year, vehicle_type, baseRate, odometer, fuel_used, damage) values ('09A6862C', 'AMC', 'Pacer', '1976', 'compact', '70', 0, 0, 'no');
Insert into parks (loc_ID, license_plate) values (17, '09A6862C');
Insert into vehicle (license_plate, make, model, year, vehicle_type, baseRate, odometer, fuel_used, damage) values ('332EFE0A', 'AMC', 'Hornet', '1970', 'compact', '75', 0, 0, 'no');
Insert into parks (loc_ID, license_plate) values (16, '332EFE0A');
Insert into vehicle (license_plate, make, model, year, vehicle_type, baseRate, odometer, fuel_used, damage) values ('40A8E715', 'Yugo', 'Yugo', '2007', 'subcompact', '64', 0, 0, 'no');
Insert into parks (loc_ID, license_plate) values (13, '40A8E715');
Insert into vehicle (license_plate, make, model, year, vehicle_type, baseRate, odometer, fuel_used, damage) values ('BBDD6600', 'Chevrolet', 'Leaflet', '2011', 'full size', '80', 0, 0, 'no');
Insert into parks (loc_ID, license_plate) values (1, 'BBDD6600');
Insert into vehicle (license_plate, make, model, year, vehicle_type, baseRate, odometer, fuel_used, damage) values ('645D0D21', 'AMC', 'Pacer', '1978', 'compact', '70', 0, 0, 'no');
Insert into parks (loc_ID, license_plate) values (14, '645D0D21');
Insert into vehicle (license_plate, make, model, year, vehicle_type, baseRate, odometer, fuel_used, damage) values ('1C4E4B83', 'VAZ', 'Wrangler', '2010', 'SUV', '80', 0, 0, 'no');
Insert into parks (loc_ID, license_plate) values (5, '1C4E4B83');
Insert into vehicle (license_plate, make, model, year, vehicle_type, baseRate, odometer, fuel_used, damage) values ('8B3F02CE', 'VAZ', 'Wrangler', '2007', 'SUV', '80', 0, 0, 'no');
Insert into parks (loc_ID, license_plate) values (11, '8B3F02CE');
Insert into vehicle (license_plate, make, model, year, vehicle_type, baseRate, odometer, fuel_used, damage) values ('4F153E08', 'AMC', 'Pacer', '1979', 'compact', '70', 0, 0, 'no');
Insert into parks (loc_ID, license_plate) values (20, '4F153E08');
Insert into vehicle (license_plate, make, model, year, vehicle_type, baseRate, odometer, fuel_used, damage) values ('333E5ACE', 'Yugo', 'Bongo', '2009', 'compact', '80', 0, 0, 'no');
Insert into parks (loc_ID, license_plate) values (8, '333E5ACE');
Insert into vehicle (license_plate, make, model, year, vehicle_type, baseRate, odometer, fuel_used, damage) values ('699899AE', 'Trabant', 'Trabant', '1990', 'subcompact', '77', 0, 0, 'no');
Insert into parks (loc_ID, license_plate) values (22, '699899AE');
Insert into vehicle (license_plate, make, model, year, vehicle_type, baseRate, odometer, fuel_used, damage) values ('47EFEE77', 'Plymouth', 'Prowler', '2002', 'sports car', '88', 0, 0, 'no');
Insert into parks (loc_ID, license_plate) values (19, '47EFEE77');
Insert into vehicle (license_plate, make, model, year, vehicle_type, baseRate, odometer, fuel_used, damage) values ('42B70CFC', 'Chevrolet', 'Vega', '1974', 'compact', '75', 0, 0, 'no');
Insert into parks (loc_ID, license_plate) values (23, '42B70CFC');
Insert into vehicle (license_plate, make, model, year, vehicle_type, baseRate, odometer, fuel_used, damage) values ('DE763B52', 'Citroen', 'Deux Chevaux (2CV)', '1953', 'minicar', '80', 0, 0, 'no');
Insert into parks (loc_ID, license_plate) values (5, 'DE763B52');
Insert into vehicle (license_plate, make, model, year, vehicle_type, baseRate, odometer, fuel_used, damage) values ('0DD9FA35', 'Toyota', 'Toyopet', '1960', 'subcompact', '84', 0, 0, 'no');
Insert into parks (loc_ID, license_plate) values (15, '0DD9FA35');
Insert into vehicle (license_plate, make, model, year, vehicle_type, baseRate, odometer, fuel_used, damage) values ('C1FB2210', 'Yugo', 'Bongo', '2010', 'compact', '80', 0, 0, 'no');
Insert into parks (loc_ID, license_plate) values (5, 'C1FB2210');
Insert into vehicle (license_plate, make, model, year, vehicle_type, baseRate, odometer, fuel_used, damage) values ('6B7FC4A3', 'Chevrolet', 'Vega', '1973', 'compact', '75', 0, 0, 'no');
Insert into parks (loc_ID, license_plate) values (15, '6B7FC4A3');
Insert into vehicle (license_plate, make, model, year, vehicle_type, baseRate, odometer, fuel_used, damage) values ('FDD41477', 'Toyota', 'Toyopet', '1959', 'subcompact', '84', 0, 0, 'no');
Insert into parks (loc_ID, license_plate) values (19, 'FDD41477');
Insert into vehicle (license_plate, make, model, year, vehicle_type, baseRate, odometer, fuel_used, damage) values ('EC8B90CE', 'Chevrolet', 'Vega', '1975', 'compact', '75', 0, 0, 'no');
Insert into parks (loc_ID, license_plate) values (9, 'EC8B90CE');
Insert into vehicle (license_plate, make, model, year, vehicle_type, baseRate, odometer, fuel_used, damage) values ('8E3B53BF', 'Chevrolet', 'Vega', '1973', 'compact', '75', 0, 0, 'no');
Insert into parks (loc_ID, license_plate) values (18, '8E3B53BF');
Insert into vehicle (license_plate, make, model, year, vehicle_type, baseRate, odometer, fuel_used, damage) values ('0685A778', 'Chevrolet', 'Vega', '1973', 'compact', '75', 0, 0, 'no');
Insert into parks (loc_ID, license_plate) values (14, '0685A778');
Insert into vehicle (license_plate, make, model, year, vehicle_type, baseRate, odometer, fuel_used, damage) values ('01138C4D', 'Isuzu', 'Amazon', '2009', 'truck', '80', 0, 0, 'no');
Insert into parks (loc_ID, license_plate) values (5, '01138C4D');
Insert into vehicle (license_plate, make, model, year, vehicle_type, baseRate, odometer, fuel_used, damage) values ('2E88DC75', 'Plymouth', 'Prowler', '2002', 'sports car', '88', 0, 0, 'no');
Insert into parks (loc_ID, license_plate) values (11, '2E88DC75');
Insert into vehicle (license_plate, make, model, year, vehicle_type, baseRate, odometer, fuel_used, damage) values ('72EE5EAD', 'Citroen', 'Deux Chevaux (2CV)', '1980', 'minicar', '80', 0, 0, 'no');
Insert into parks (loc_ID, license_plate) values (19, '72EE5EAD');
Insert into vehicle (license_plate, make, model, year, vehicle_type, baseRate, odometer, fuel_used, damage) values ('9DCD5FBB', 'Ford', 'Edsel', '1959', 'full size', '69', 0, 0, 'no');
Insert into parks (loc_ID, license_plate) values (13, '9DCD5FBB');
Insert into vehicle (license_plate, make, model, year, vehicle_type, baseRate, odometer, fuel_used, damage) values ('1162838E', 'Pontiac', 'Aztek', '2005', 'minivan', '66', 0, 0, 'no');
Insert into parks (loc_ID, license_plate) values (15, '1162838E');
Insert into vehicle (license_plate, make, model, year, vehicle_type, baseRate, odometer, fuel_used, damage) values ('E29AE8A1', 'Chevrolet', 'Vega', '1974', 'compact', '75', 0, 0, 'no');
Insert into parks (loc_ID, license_plate) values (24, 'E29AE8A1');
Insert into vehicle (license_plate, make, model, year, vehicle_type, baseRate, odometer, fuel_used, damage) values ('A9A61D5B', 'Chevrolet', 'Vega', '1972', 'compact', '75', 0, 0, 'no');
Insert into parks (loc_ID, license_plate) values (11, 'A9A61D5B');
Insert into vehicle (license_plate, make, model, year, vehicle_type, baseRate, odometer, fuel_used, damage) values ('1129A327', 'Plymouth', 'Prowler', '2001', 'sports car', '88', 0, 0, 'no');
Insert into parks (loc_ID, license_plate) values (21, '1129A327');
Insert into vehicle (license_plate, make, model, year, vehicle_type, baseRate, odometer, fuel_used, damage) values ('692A9ACC', 'Yugo', 'Bongo', '2007', 'compact', '80', 0, 0, 'no');
Insert into parks (loc_ID, license_plate) values (20, '692A9ACC');
Insert into vehicle (license_plate, make, model, year, vehicle_type, baseRate, odometer, fuel_used, damage) values ('7F9833E0', 'Isuzu', 'Amazon', '2011', 'truck', '80', 0, 0, 'no');
Insert into parks (loc_ID, license_plate) values (16, '7F9833E0');
Insert into vehicle (license_plate, make, model, year, vehicle_type, baseRate, odometer, fuel_used, damage) values ('696822AA', 'Plymouth', 'Prowler', '1999', 'sports car', '88', 0, 0, 'no');
Insert into parks (loc_ID, license_plate) values (18, '696822AA');
Insert into vehicle (license_plate, make, model, year, vehicle_type, baseRate, odometer, fuel_used, damage) values ('DC4B8A81', 'Ford', 'Pinto', '1973', 'subcompact', '82', 0, 0, 'no');
Insert into parks (loc_ID, license_plate) values (2, 'DC4B8A81');
Insert into vehicle (license_plate, make, model, year, vehicle_type, baseRate, odometer, fuel_used, damage) values ('239C67D1', 'AMC', 'Hornet', '1969', 'compact', '75', 0, 0, 'no');
Insert into parks (loc_ID, license_plate) values (13, '239C67D1');
Insert into vehicle (license_plate, make, model, year, vehicle_type, baseRate, odometer, fuel_used, damage) values ('0C107657', 'Isuzu', 'Axiom', '2001', 'SUV', '70', 0, 0, 'no');
Insert into parks (loc_ID, license_plate) values (4, '0C107657');
Insert into vehicle (license_plate, make, model, year, vehicle_type, baseRate, odometer, fuel_used, damage) values ('6E1D4345', 'VAZ', 'Wrangler', '2007', 'SUV', '80', 0, 0, 'no');
Insert into parks (loc_ID, license_plate) values (17, '6E1D4345');
Insert into vehicle (license_plate, make, model, year, vehicle_type, baseRate, odometer, fuel_used, damage) values ('8259EBDB', 'VAZ', 'Lada', '1976', 'compact', '79', 0, 0, 'no');
Insert into parks (loc_ID, license_plate) values (23, '8259EBDB');
Insert into vehicle (license_plate, make, model, year, vehicle_type, baseRate, odometer, fuel_used, damage) values ('5E7EB9E4', 'Citroen', 'Deux Chevaux (2CV)', '1969', 'minicar', '80', 0, 0, 'no');
Insert into parks (loc_ID, license_plate) values (21, '5E7EB9E4');
Insert into vehicle (license_plate, make, model, year, vehicle_type, baseRate, odometer, fuel_used, damage) values ('8625B11C', 'Volkswagen', 'Thing', '1978', 'truck', '74', 0, 0, 'no');
Insert into parks (loc_ID, license_plate) values (9, '8625B11C');
Insert into vehicle (license_plate, make, model, year, vehicle_type, baseRate, odometer, fuel_used, damage) values ('5BB76261', 'Ford', 'Pinto', '1975', 'subcompact', '82', 0, 0, 'no');
Insert into parks (loc_ID, license_plate) values (6, '5BB76261');
Insert into vehicle (license_plate, make, model, year, vehicle_type, baseRate, odometer, fuel_used, damage) values ('E1046520', 'AMC', 'Gremlin', '1976', 'subcompact', '65', 0, 0, 'no');
Insert into parks (loc_ID, license_plate) values (23, 'E1046520');
Insert into vehicle (license_plate, make, model, year, vehicle_type, baseRate, odometer, fuel_used, damage) values ('37852A12', 'Chevrolet', 'Vega', '1973', 'compact', '75', 0, 0, 'no');
Insert into parks (loc_ID, license_plate) values (14, '37852A12');
Insert into vehicle (license_plate, make, model, year, vehicle_type, baseRate, odometer, fuel_used, damage) values ('4F0E1B9E', 'Ford', 'Pinto', '1972', 'subcompact', '82', 0, 0, 'no');
Insert into parks (loc_ID, license_plate) values (24, '4F0E1B9E');
Insert into vehicle (license_plate, make, model, year, vehicle_type, baseRate, odometer, fuel_used, damage) values ('BB9AFC62', 'AMC', 'Hornet', '1969', 'compact', '75', 0, 0, 'no');
Insert into parks (loc_ID, license_plate) values (25, 'BB9AFC62');
Insert into vehicle (license_plate, make, model, year, vehicle_type, baseRate, odometer, fuel_used, damage) values ('9786B778', 'Volkswagen', 'Thing', '1971', 'truck', '74', 0, 0, 'no');
Insert into parks (loc_ID, license_plate) values (3, '9786B778');
Insert into vehicle (license_plate, make, model, year, vehicle_type, baseRate, odometer, fuel_used, damage) values ('559794B4', 'Trabant', 'Trabant', '1984', 'subcompact', '77', 0, 0, 'no');
Insert into parks (loc_ID, license_plate) values (18, '559794B4');
Insert into vehicle (license_plate, make, model, year, vehicle_type, baseRate, odometer, fuel_used, damage) values ('002C6CAF', 'Citroen', 'Deux Chevaux (2CV)', '1962', 'minicar', '80', 0, 0, 'no');
Insert into parks (loc_ID, license_plate) values (19, '002C6CAF');
Insert into vehicle (license_plate, make, model, year, vehicle_type, baseRate, odometer, fuel_used, damage) values ('274F8891', 'Trabant', 'Trabant', '1978', 'subcompact', '77', 0, 0, 'no');
Insert into parks (loc_ID, license_plate) values (1, '274F8891');
Insert into vehicle (license_plate, make, model, year, vehicle_type, baseRate, odometer, fuel_used, damage) values ('ED5D9DD6', 'Yugo', 'Yugo', '2007', 'subcompact', '64', 0, 0, 'no');
Insert into parks (loc_ID, license_plate) values (20, 'ED5D9DD6');
Insert into vehicle (license_plate, make, model, year, vehicle_type, baseRate, odometer, fuel_used, damage) values ('3DF0A0D2', 'VAZ', 'Wrangler', '2006', 'SUV', '80', 0, 0, 'no');
Insert into parks (loc_ID, license_plate) values (19, '3DF0A0D2');
Insert into vehicle (license_plate, make, model, year, vehicle_type, baseRate, odometer, fuel_used, damage) values ('5BB5FA5F', 'Pontiac', 'Aztek', '2002', 'minivan', '66', 0, 0, 'no');
Insert into parks (loc_ID, license_plate) values (6, '5BB5FA5F');
Insert into vehicle (license_plate, make, model, year, vehicle_type, baseRate, odometer, fuel_used, damage) values ('C61E620A', 'Isuzu', 'Amazon', '2011', 'truck', '80', 0, 0, 'no');
Insert into parks (loc_ID, license_plate) values (20, 'C61E620A');
Insert into vehicle (license_plate, make, model, year, vehicle_type, baseRate, odometer, fuel_used, damage) values ('A6D156ED', 'Pontiac', 'Aztek', '2003', 'minivan', '66', 0, 0, 'no');
Insert into parks (loc_ID, license_plate) values (20, 'A6D156ED');
Insert into vehicle (license_plate, make, model, year, vehicle_type, baseRate, odometer, fuel_used, damage) values ('422C364B', 'Isuzu', 'Axiom', '2001', 'SUV', '70', 0, 0, 'no');
Insert into parks (loc_ID, license_plate) values (7, '422C364B');
Insert into vehicle (license_plate, make, model, year, vehicle_type, baseRate, odometer, fuel_used, damage) values ('FBDEFA62', 'Chevrolet', 'Leaflet', '2008', 'full size', '80', 0, 0, 'no');
Insert into parks (loc_ID, license_plate) values (10, 'FBDEFA62');
Insert into vehicle (license_plate, make, model, year, vehicle_type, baseRate, odometer, fuel_used, damage) values ('17D64E5E', 'Citroen', 'Deux Chevaux (2CV)', '1955', 'minicar', '80', 0, 0, 'no');
Insert into parks (loc_ID, license_plate) values (6, '17D64E5E');
Insert into vehicle (license_plate, make, model, year, vehicle_type, baseRate, odometer, fuel_used, damage) values ('F191BFE8', 'Chevrolet', 'Vega', '1977', 'compact', '75', 0, 0, 'no');
Insert into parks (loc_ID, license_plate) values (12, 'F191BFE8');
Insert into vehicle (license_plate, make, model, year, vehicle_type, baseRate, odometer, fuel_used, damage) values ('CDDC080A', 'Trabant', 'Trabant', '1985', 'subcompact', '77', 0, 0, 'no');
Insert into parks (loc_ID, license_plate) values (16, 'CDDC080A');
Insert into vehicle (license_plate, make, model, year, vehicle_type, baseRate, odometer, fuel_used, damage) values ('1C6B8F4C', 'Citroen', 'Deux Chevaux (2CV)', '1948', 'minicar', '80', 0, 0, 'no');
Insert into parks (loc_ID, license_plate) values (25, '1C6B8F4C');
Insert into vehicle (license_plate, make, model, year, vehicle_type, baseRate, odometer, fuel_used, damage) values ('A3012DE4', 'Yugo', 'Bongo', '2007', 'compact', '80', 0, 0, 'no');
Insert into parks (loc_ID, license_plate) values (8, 'A3012DE4');
Insert into vehicle (license_plate, make, model, year, vehicle_type, baseRate, odometer, fuel_used, damage) values ('B79C5447', 'Pontiac', 'Aztek', '2001', 'minivan', '66', 0, 0, 'no');
Insert into parks (loc_ID, license_plate) values (20, 'B79C5447');
Insert into vehicle (license_plate, make, model, year, vehicle_type, baseRate, odometer, fuel_used, damage) values ('F97C8461', 'Ford', 'Pinto', '1974', 'subcompact', '82', 0, 0, 'no');
Insert into parks (loc_ID, license_plate) values (5, 'F97C8461');
Insert into vehicle (license_plate, make, model, year, vehicle_type, baseRate, odometer, fuel_used, damage) values ('06E37140', 'Isuzu', 'Amazon', '2011', 'truck', '80', 0, 0, 'no');
Insert into parks (loc_ID, license_plate) values (20, '06E37140');
Insert into vehicle (license_plate, make, model, year, vehicle_type, baseRate, odometer, fuel_used, damage) values ('562973EC', 'Ford', 'Edsel', '1958', 'full size', '69', 0, 0, 'no');
Insert into parks (loc_ID, license_plate) values (16, '562973EC');
Insert into vehicle (license_plate, make, model, year, vehicle_type, baseRate, odometer, fuel_used, damage) values ('DD393339', 'Isuzu', 'Axiom', '2001', 'SUV', '70', 0, 0, 'no');
Insert into parks (loc_ID, license_plate) values (23, 'DD393339');
Insert into vehicle (license_plate, make, model, year, vehicle_type, baseRate, odometer, fuel_used, damage) values ('4E7153E8', 'VAZ', 'Lada', '1979', 'compact', '79', 0, 0, 'no');
Insert into parks (loc_ID, license_plate) values (15, '4E7153E8');
Insert into vehicle (license_plate, make, model, year, vehicle_type, baseRate, odometer, fuel_used, damage) values ('D5A337DA', 'Volkswagen', 'Thing', '1976', 'truck', '74', 0, 0, 'no');
Insert into parks (loc_ID, license_plate) values (9, 'D5A337DA');
Insert into vehicle (license_plate, make, model, year, vehicle_type, baseRate, odometer, fuel_used, damage) values ('C7C8825A', 'Isuzu', 'Axiom', '2001', 'SUV', '70', 0, 0, 'no');
Insert into parks (loc_ID, license_plate) values (18, 'C7C8825A');
Insert into vehicle (license_plate, make, model, year, vehicle_type, baseRate, odometer, fuel_used, damage) values ('AFB1DB86', 'Volkswagen', 'Thing', '1974', 'truck', '74', 0, 0, 'no');
Insert into parks (loc_ID, license_plate) values (10, 'AFB1DB86');
Insert into vehicle (license_plate, make, model, year, vehicle_type, baseRate, odometer, fuel_used, damage) values ('0C307CF7', 'AMC', 'Pacer', '1976', 'compact', '70', 0, 0, 'no');
Insert into parks (loc_ID, license_plate) values (17, '0C307CF7');
Insert into vehicle (license_plate, make, model, year, vehicle_type, baseRate, odometer, fuel_used, damage) values ('E34008A2', 'Ford', 'Pinto', '1977', 'subcompact', '82', 0, 0, 'no');
Insert into parks (loc_ID, license_plate) values (22, 'E34008A2');
Insert into vehicle (license_plate, make, model, year, vehicle_type, baseRate, odometer, fuel_used, damage) values ('CF1B80FB', 'VAZ', 'Wrangler', '2007', 'SUV', '80', 0, 0, 'no');
Insert into parks (loc_ID, license_plate) values (10, 'CF1B80FB');
Insert into vehicle (license_plate, make, model, year, vehicle_type, baseRate, odometer, fuel_used, damage) values ('1FC3CEAA', 'AMC', 'Gremlin', '1971', 'subcompact', '65', 0, 0, 'no');
Insert into parks (loc_ID, license_plate) values (1, '1FC3CEAA');
Insert into vehicle (license_plate, make, model, year, vehicle_type, baseRate, odometer, fuel_used, damage) values ('20F2E633', 'Toyota', 'Toyopet', '1959', 'subcompact', '84', 0, 0, 'no');
Insert into parks (loc_ID, license_plate) values (13, '20F2E633');
Insert into vehicle (license_plate, make, model, year, vehicle_type, baseRate, odometer, fuel_used, damage) values ('6B624E4D', 'Chevrolet', 'Leaflet', '2007', 'full size', '80', 0, 0, 'no');
Insert into parks (loc_ID, license_plate) values (21, '6B624E4D');
Insert into vehicle (license_plate, make, model, year, vehicle_type, baseRate, odometer, fuel_used, damage) values ('8C5A6D59', 'Chevrolet', 'Vega', '1971', 'compact', '75', 0, 0, 'no');
Insert into parks (loc_ID, license_plate) values (14, '8C5A6D59');
Insert into vehicle (license_plate, make, model, year, vehicle_type, baseRate, odometer, fuel_used, damage) values ('1AFC3948', 'Isuzu', 'Amazon', '2009', 'truck', '80', 0, 0, 'no');
Insert into parks (loc_ID, license_plate) values (3, '1AFC3948');
Insert into vehicle (license_plate, make, model, year, vehicle_type, baseRate, odometer, fuel_used, damage) values ('C114B9BE', 'AMC', 'Hornet', '1969', 'compact', '75', 0, 0, 'no');
Insert into parks (loc_ID, license_plate) values (25, 'C114B9BE');
Insert into vehicle (license_plate, make, model, year, vehicle_type, baseRate, odometer, fuel_used, damage) values ('F7036DFD', 'AMC', 'Hornet', '1969', 'compact', '75', 0, 0, 'no');
Insert into parks (loc_ID, license_plate) values (16, 'F7036DFD');
Insert into vehicle (license_plate, make, model, year, vehicle_type, baseRate, odometer, fuel_used, damage) values ('26385BB7', 'VAZ', 'Wrangler', '2006', 'SUV', '80', 0, 0, 'no');
Insert into parks (loc_ID, license_plate) values (3, '26385BB7');
Insert into vehicle (license_plate, make, model, year, vehicle_type, baseRate, odometer, fuel_used, damage) values ('31430BFD', 'AMC', 'Pacer', '1975', 'compact', '70', 0, 0, 'no');
Insert into parks (loc_ID, license_plate) values (15, '31430BFD');
Insert into vehicle (license_plate, make, model, year, vehicle_type, baseRate, odometer, fuel_used, damage) values ('CD98772B', 'Chevrolet', 'Leaflet', '2009', 'full size', '80', 0, 0, 'no');
Insert into parks (loc_ID, license_plate) values (17, 'CD98772B');
Insert into vehicle (license_plate, make, model, year, vehicle_type, baseRate, odometer, fuel_used, damage) values ('24518AAB', 'Isuzu', 'Axiom', '2001', 'SUV', '70', 0, 0, 'no');
Insert into parks (loc_ID, license_plate) values (16, '24518AAB');
Insert into vehicle (license_plate, make, model, year, vehicle_type, baseRate, odometer, fuel_used, damage) values ('5243C3C6', 'Citroen', 'Deux Chevaux (2CV)', '1961', 'minicar', '80', 0, 0, 'no');
Insert into parks (loc_ID, license_plate) values (18, '5243C3C6');
Insert into vehicle (license_plate, make, model, year, vehicle_type, baseRate, odometer, fuel_used, damage) values ('0020132C', 'Volkswagen', 'Thing', '1973', 'truck', '74', 0, 0, 'no');
Insert into parks (loc_ID, license_plate) values (23, '0020132C');
Insert into vehicle (license_plate, make, model, year, vehicle_type, baseRate, odometer, fuel_used, damage) values ('2B301BAA', 'Isuzu', 'Axiom', '2001', 'SUV', '70', 0, 0, 'no');
Insert into parks (loc_ID, license_plate) values (4, '2B301BAA');
Insert into vehicle (license_plate, make, model, year, vehicle_type, baseRate, odometer, fuel_used, damage) values ('9CC3DE00', 'Ford', 'Pinto', '1971', 'subcompact', '82', 0, 0, 'no');
Insert into parks (loc_ID, license_plate) values (13, '9CC3DE00');
Insert into vehicle (license_plate, make, model, year, vehicle_type, baseRate, odometer, fuel_used, damage) values ('1DDB9698', 'Chevrolet', 'Leaflet', '2008', 'full size', '80', 0, 0, 'no');
Insert into parks (loc_ID, license_plate) values (1, '1DDB9698');
Insert into vehicle (license_plate, make, model, year, vehicle_type, baseRate, odometer, fuel_used, damage) values ('227B6D9D', 'Volkswagen', 'Thing', '1970', 'truck', '74', 0, 0, 'no');
Insert into parks (loc_ID, license_plate) values (18, '227B6D9D');
Insert into vehicle (license_plate, make, model, year, vehicle_type, baseRate, odometer, fuel_used, damage) values ('D1DF370D', 'VAZ', 'Wrangler', '2006', 'SUV', '80', 0, 0, 'no');
Insert into parks (loc_ID, license_plate) values (12, 'D1DF370D');
Insert into vehicle (license_plate, make, model, year, vehicle_type, baseRate, odometer, fuel_used, damage) values ('A67B6E34', 'Ford', 'Pinto', '1972', 'subcompact', '82', 0, 0, 'no');
Insert into parks (loc_ID, license_plate) values (13, 'A67B6E34');
Insert into vehicle (license_plate, make, model, year, vehicle_type, baseRate, odometer, fuel_used, damage) values ('270872DE', 'AMC', 'Gremlin', '1974', 'subcompact', '65', 0, 0, 'no');
Insert into parks (loc_ID, license_plate) values (23, '270872DE');
Insert into vehicle (license_plate, make, model, year, vehicle_type, baseRate, odometer, fuel_used, damage) values ('A1C7437C', 'Yugo', 'Bongo', '2006', 'compact', '80', 0, 0, 'no');
Insert into parks (loc_ID, license_plate) values (16, 'A1C7437C');
Insert into vehicle (license_plate, make, model, year, vehicle_type, baseRate, odometer, fuel_used, damage) values ('ABABBA04', 'Pontiac', 'Aztek', '2001', 'minivan', '66', 0, 0, 'no');
Insert into parks (loc_ID, license_plate) values (17, 'ABABBA04');
Insert into vehicle (license_plate, make, model, year, vehicle_type, baseRate, odometer, fuel_used, damage) values ('72C667A3', 'Volkswagen', 'Thing', '1978', 'truck', '74', 0, 0, 'no');
Insert into parks (loc_ID, license_plate) values (19, '72C667A3');
Insert into vehicle (license_plate, make, model, year, vehicle_type, baseRate, odometer, fuel_used, damage) values ('41C897D8', 'Volkswagen', 'Thing', '1980', 'truck', '74', 0, 0, 'no');
Insert into parks (loc_ID, license_plate) values (23, '41C897D8');
Insert into vehicle (license_plate, make, model, year, vehicle_type, baseRate, odometer, fuel_used, damage) values ('46E25321', 'Yugo', 'Yugo', '2008', 'subcompact', '64', 0, 0, 'no');
Insert into parks (loc_ID, license_plate) values (8, '46E25321');
Insert into vehicle (license_plate, make, model, year, vehicle_type, baseRate, odometer, fuel_used, damage) values ('40D70A8F', 'Pontiac', 'Aztek', '2003', 'minivan', '66', 0, 0, 'no');
Insert into parks (loc_ID, license_plate) values (1, '40D70A8F');
Insert into vehicle (license_plate, make, model, year, vehicle_type, baseRate, odometer, fuel_used, damage) values ('B4B15C06', 'Yugo', 'Bongo', '2008', 'compact', '80', 0, 0, 'no');
Insert into parks (loc_ID, license_plate) values (18, 'B4B15C06');
Insert into vehicle (license_plate, make, model, year, vehicle_type, baseRate, odometer, fuel_used, damage) values ('507736DB', 'Volkswagen', 'Thing', '1974', 'truck', '74', 0, 0, 'no');
Insert into parks (loc_ID, license_plate) values (7, '507736DB');
Insert into vehicle (license_plate, make, model, year, vehicle_type, baseRate, odometer, fuel_used, damage) values ('D06A4FBF', 'Pontiac', 'Aztek', '2003', 'minivan', '66', 0, 0, 'no');
Insert into parks (loc_ID, license_plate) values (12, 'D06A4FBF');
Insert into vehicle (license_plate, make, model, year, vehicle_type, baseRate, odometer, fuel_used, damage) values ('064968D4', 'Isuzu', 'Axiom', '2001', 'SUV', '70', 0, 0, 'no');
Insert into parks (loc_ID, license_plate) values (9, '064968D4');
Insert into vehicle (license_plate, make, model, year, vehicle_type, baseRate, odometer, fuel_used, damage) values ('BCE97416', 'Trabant', 'Trabant', '1976', 'subcompact', '77', 0, 0, 'no');
Insert into parks (loc_ID, license_plate) values (23, 'BCE97416');
Insert into vehicle (license_plate, make, model, year, vehicle_type, baseRate, odometer, fuel_used, damage) values ('EF3D2F86', 'Isuzu', 'Axiom', '2001', 'SUV', '70', 0, 0, 'no');
Insert into parks (loc_ID, license_plate) values (4, 'EF3D2F86');
Insert into vehicle (license_plate, make, model, year, vehicle_type, baseRate, odometer, fuel_used, damage) values ('BC941D06', 'Isuzu', 'Axiom', '2001', 'SUV', '70', 0, 0, 'no');
Insert into parks (loc_ID, license_plate) values (24, 'BC941D06');
Insert into vehicle (license_plate, make, model, year, vehicle_type, baseRate, odometer, fuel_used, damage) values ('6A3397A1', 'Yugo', 'Bongo', '2009', 'compact', '80', 0, 0, 'no');
Insert into parks (loc_ID, license_plate) values (21, '6A3397A1');
Insert into vehicle (license_plate, make, model, year, vehicle_type, baseRate, odometer, fuel_used, damage) values ('9D3E84E4', 'Citroen', 'Deux Chevaux (2CV)', '1959', 'minicar', '80', 0, 0, 'no');
Insert into parks (loc_ID, license_plate) values (3, '9D3E84E4');
Insert into vehicle (license_plate, make, model, year, vehicle_type, baseRate, odometer, fuel_used, damage) values ('7F61FBD6', 'Isuzu', 'Axiom', '2001', 'SUV', '70', 0, 0, 'no');
Insert into parks (loc_ID, license_plate) values (13, '7F61FBD6');
Insert into vehicle (license_plate, make, model, year, vehicle_type, baseRate, odometer, fuel_used, damage) values ('E4D729CB', 'Isuzu', 'Amazon', '2010', 'truck', '80', 0, 0, 'no');
Insert into parks (loc_ID, license_plate) values (6, 'E4D729CB');
Insert into vehicle (license_plate, make, model, year, vehicle_type, baseRate, odometer, fuel_used, damage) values ('9D600386', 'VAZ', 'Wrangler', '2010', 'SUV', '80', 0, 0, 'no');
Insert into parks (loc_ID, license_plate) values (8, '9D600386');
Insert into vehicle (license_plate, make, model, year, vehicle_type, baseRate, odometer, fuel_used, damage) values ('9DE614B0', 'VAZ', 'Lada', '1983', 'compact', '79', 0, 0, 'no');
Insert into parks (loc_ID, license_plate) values (10, '9DE614B0');
Insert into vehicle (license_plate, make, model, year, vehicle_type, baseRate, odometer, fuel_used, damage) values ('A5079C5D', 'Volkswagen', 'Thing', '1973', 'truck', '74', 0, 0, 'no');
Insert into parks (loc_ID, license_plate) values (4, 'A5079C5D');
Insert into vehicle (license_plate, make, model, year, vehicle_type, baseRate, odometer, fuel_used, damage) values ('E8E5EDC6', 'Isuzu', 'Axiom', '2001', 'SUV', '70', 0, 0, 'no');
Insert into parks (loc_ID, license_plate) values (2, 'E8E5EDC6');
Insert into vehicle (license_plate, make, model, year, vehicle_type, baseRate, odometer, fuel_used, damage) values ('05DCAF34', 'Isuzu', 'Amazon', '2009', 'truck', '80', 0, 0, 'no');
Insert into parks (loc_ID, license_plate) values (25, '05DCAF34');
Insert into vehicle (license_plate, make, model, year, vehicle_type, baseRate, odometer, fuel_used, damage) values ('4769D487', 'Volkswagen', 'Thing', '1970', 'truck', '74', 0, 0, 'no');
Insert into parks (loc_ID, license_plate) values (8, '4769D487');
Insert into vehicle (license_plate, make, model, year, vehicle_type, baseRate, odometer, fuel_used, damage) values ('A6F88E2C', 'Ford', 'Pinto', '1977', 'subcompact', '82', 0, 0, 'no');
Insert into parks (loc_ID, license_plate) values (11, 'A6F88E2C');
Insert into vehicle (license_plate, make, model, year, vehicle_type, baseRate, odometer, fuel_used, damage) values ('57872379', 'Chevrolet', 'Vega', '1972', 'compact', '75', 0, 0, 'no');
Insert into parks (loc_ID, license_plate) values (19, '57872379');
Insert into vehicle (license_plate, make, model, year, vehicle_type, baseRate, odometer, fuel_used, damage) values ('D11FB22D', 'Volkswagen', 'Thing', '1971', 'truck', '74', 0, 0, 'no');
Insert into parks (loc_ID, license_plate) values (2, 'D11FB22D');
Insert into vehicle (license_plate, make, model, year, vehicle_type, baseRate, odometer, fuel_used, damage) values ('E917B60E', 'Yugo', 'Bongo', '2006', 'compact', '80', 0, 0, 'no');
Insert into parks (loc_ID, license_plate) values (1, 'E917B60E');
Insert into vehicle (license_plate, make, model, year, vehicle_type, baseRate, odometer, fuel_used, damage) values ('EE10438D', 'VAZ', 'Lada', '1987', 'compact', '79', 0, 0, 'no');
Insert into parks (loc_ID, license_plate) values (18, 'EE10438D');
Insert into vehicle (license_plate, make, model, year, vehicle_type, baseRate, odometer, fuel_used, damage) values ('10104DE0', 'VAZ', 'Lada', '1985', 'compact', '79', 0, 0, 'no');
Insert into parks (loc_ID, license_plate) values (19, '10104DE0');
Insert into vehicle (license_plate, make, model, year, vehicle_type, baseRate, odometer, fuel_used, damage) values ('FCC86C44', 'Volkswagen', 'Thing', '1974', 'truck', '74', 0, 0, 'no');
Insert into parks (loc_ID, license_plate) values (18, 'FCC86C44');
Insert into vehicle (license_plate, make, model, year, vehicle_type, baseRate, odometer, fuel_used, damage) values ('C0AB081E', 'VAZ', 'Lada', '1974', 'compact', '79', 0, 0, 'no');
Insert into parks (loc_ID, license_plate) values (6, 'C0AB081E');
Insert into vehicle (license_plate, make, model, year, vehicle_type, baseRate, odometer, fuel_used, damage) values ('1422155A', 'AMC', 'Gremlin', '1977', 'subcompact', '65', 0, 0, 'no');
Insert into parks (loc_ID, license_plate) values (15, '1422155A');
Insert into vehicle (license_plate, make, model, year, vehicle_type, baseRate, odometer, fuel_used, damage) values ('A40F529E', 'VAZ', 'Wrangler', '2008', 'SUV', '80', 0, 0, 'no');
Insert into parks (loc_ID, license_plate) values (7, 'A40F529E');
Insert into vehicle (license_plate, make, model, year, vehicle_type, baseRate, odometer, fuel_used, damage) values ('2952BD3F', 'AMC', 'Hornet', '1970', 'compact', '75', 0, 0, 'no');
Insert into parks (loc_ID, license_plate) values (16, '2952BD3F');
Insert into vehicle (license_plate, make, model, year, vehicle_type, baseRate, odometer, fuel_used, damage) values ('CF85D43B', 'Ford', 'Edsel', '1959', 'full size', '69', 0, 0, 'no');
Insert into parks (loc_ID, license_plate) values (9, 'CF85D43B');
Insert into vehicle (license_plate, make, model, year, vehicle_type, baseRate, odometer, fuel_used, damage) values ('10697570', 'Chevrolet', 'Vega', '1976', 'compact', '75', 0, 0, 'no');
Insert into parks (loc_ID, license_plate) values (16, '10697570');
Insert into vehicle (license_plate, make, model, year, vehicle_type, baseRate, odometer, fuel_used, damage) values ('CA0A5ABC', 'Isuzu', 'Amazon', '2010', 'truck', '80', 0, 0, 'no');
Insert into parks (loc_ID, license_plate) values (10, 'CA0A5ABC');
Insert into vehicle (license_plate, make, model, year, vehicle_type, baseRate, odometer, fuel_used, damage) values ('791EC043', 'AMC', 'Hornet', '1970', 'compact', '75', 0, 0, 'no');
Insert into parks (loc_ID, license_plate) values (21, '791EC043');
Insert into vehicle (license_plate, make, model, year, vehicle_type, baseRate, odometer, fuel_used, damage) values ('B563FEB5', 'Pontiac', 'Aztek', '2002', 'minivan', '66', 0, 0, 'no');
Insert into parks (loc_ID, license_plate) values (19, 'B563FEB5');
Insert into vehicle (license_plate, make, model, year, vehicle_type, baseRate, odometer, fuel_used, damage) values ('8734A7CF', 'Isuzu', 'Amazon', '2009', 'truck', '80', 0, 0, 'no');
Insert into parks (loc_ID, license_plate) values (11, '8734A7CF');
Insert into vehicle (license_plate, make, model, year, vehicle_type, baseRate, odometer, fuel_used, damage) values ('5A2778F0', 'Plymouth', 'Prowler', '2002', 'sports car', '88', 0, 0, 'no');
Insert into parks (loc_ID, license_plate) values (16, '5A2778F0');
Insert into vehicle (license_plate, make, model, year, vehicle_type, baseRate, odometer, fuel_used, damage) values ('1C9A9848', 'Isuzu', 'Axiom', '2001', 'SUV', '70', 0, 0, 'no');
Insert into parks (loc_ID, license_plate) values (19, '1C9A9848');
Insert into vehicle (license_plate, make, model, year, vehicle_type, baseRate, odometer, fuel_used, damage) values ('C1DE6EC5', 'Chevrolet', 'Leaflet', '2011', 'full size', '80', 0, 0, 'no');
Insert into parks (loc_ID, license_plate) values (22, 'C1DE6EC5');
Insert into vehicle (license_plate, make, model, year, vehicle_type, baseRate, odometer, fuel_used, damage) values ('098CE462', 'Ford', 'Pinto', '1971', 'subcompact', '82', 0, 0, 'no');
Insert into parks (loc_ID, license_plate) values (1, '098CE462');
Insert into vehicle (license_plate, make, model, year, vehicle_type, baseRate, odometer, fuel_used, damage) values ('15A402FC', 'Pontiac', 'Aztek', '2004', 'minivan', '66', 0, 0, 'no');
Insert into parks (loc_ID, license_plate) values (17, '15A402FC');
Insert into vehicle (license_plate, make, model, year, vehicle_type, baseRate, odometer, fuel_used, damage) values ('FFF6D4D4', 'Isuzu', 'Axiom', '2001', 'SUV', '70', 0, 0, 'no');
Insert into parks (loc_ID, license_plate) values (10, 'FFF6D4D4');
Insert into vehicle (license_plate, make, model, year, vehicle_type, baseRate, odometer, fuel_used, damage) values ('7E51612C', 'Ford', 'Edsel', '1958', 'full size', '69', 0, 0, 'no');
Insert into parks (loc_ID, license_plate) values (19, '7E51612C');
Insert into vehicle (license_plate, make, model, year, vehicle_type, baseRate, odometer, fuel_used, damage) values ('84962895', 'AMC', 'Hornet', '1970', 'compact', '75', 0, 0, 'no');
Insert into parks (loc_ID, license_plate) values (11, '84962895');
Insert into vehicle (license_plate, make, model, year, vehicle_type, baseRate, odometer, fuel_used, damage) values ('F4707208', 'Pontiac', 'Aztek', '2005', 'minivan', '66', 0, 0, 'no');
Insert into parks (loc_ID, license_plate) values (22, 'F4707208');
Insert into vehicle (license_plate, make, model, year, vehicle_type, baseRate, odometer, fuel_used, damage) values ('9F9A98E5', 'AMC', 'Pacer', '1975', 'compact', '70', 0, 0, 'no');
Insert into parks (loc_ID, license_plate) values (10, '9F9A98E5');
Insert into vehicle (license_plate, make, model, year, vehicle_type, baseRate, odometer, fuel_used, damage) values ('2CBF9568', 'Ford', 'Pinto', '1979', 'subcompact', '82', 0, 0, 'no');
Insert into parks (loc_ID, license_plate) values (24, '2CBF9568');
Insert into vehicle (license_plate, make, model, year, vehicle_type, baseRate, odometer, fuel_used, damage) values ('A3F49B04', 'Chevrolet', 'Leaflet', '2011', 'full size', '80', 0, 0, 'no');
Insert into parks (loc_ID, license_plate) values (16, 'A3F49B04');
Insert into vehicle (license_plate, make, model, year, vehicle_type, baseRate, odometer, fuel_used, damage) values ('B0E6ADB5', 'Ford', 'Pinto', '1978', 'subcompact', '82', 0, 0, 'no');
Insert into parks (loc_ID, license_plate) values (14, 'B0E6ADB5');
Insert into vehicle (license_plate, make, model, year, vehicle_type, baseRate, odometer, fuel_used, damage) values ('F1CC17DA', 'Chevrolet', 'Vega', '1974', 'compact', '75', 0, 0, 'no');
Insert into parks (loc_ID, license_plate) values (16, 'F1CC17DA');
Insert into vehicle (license_plate, make, model, year, vehicle_type, baseRate, odometer, fuel_used, damage) values ('42B3EF7C', 'Isuzu', 'Amazon', '2006', 'truck', '80', 0, 0, 'no');
Insert into parks (loc_ID, license_plate) values (22, '42B3EF7C');
Insert into vehicle (license_plate, make, model, year, vehicle_type, baseRate, odometer, fuel_used, damage) values ('73B7611B', 'Ford', 'Pinto', '1971', 'subcompact', '82', 0, 0, 'no');
Insert into parks (loc_ID, license_plate) values (16, '73B7611B');
Insert into vehicle (license_plate, make, model, year, vehicle_type, baseRate, odometer, fuel_used, damage) values ('4AD9A842', 'Chevrolet', 'Leaflet', '2009', 'full size', '80', 0, 0, 'no');
Insert into parks (loc_ID, license_plate) values (2, '4AD9A842');
Insert into vehicle (license_plate, make, model, year, vehicle_type, baseRate, odometer, fuel_used, damage) values ('BFD5A98D', 'Yugo', 'Yugo', '2008', 'subcompact', '64', 0, 0, 'no');
Insert into parks (loc_ID, license_plate) values (20, 'BFD5A98D');
Insert into vehicle (license_plate, make, model, year, vehicle_type, baseRate, odometer, fuel_used, damage) values ('37D22469', 'Yugo', 'Yugo', '2008', 'subcompact', '64', 0, 0, 'no');
Insert into parks (loc_ID, license_plate) values (20, '37D22469');
Insert into vehicle (license_plate, make, model, year, vehicle_type, baseRate, odometer, fuel_used, damage) values ('AA35CECE', 'AMC', 'Gremlin', '1975', 'subcompact', '65', 0, 0, 'no');
Insert into parks (loc_ID, license_plate) values (3, 'AA35CECE');
Insert into vehicle (license_plate, make, model, year, vehicle_type, baseRate, odometer, fuel_used, damage) values ('E6A3C0B8', 'Isuzu', 'Axiom', '2001', 'SUV', '70', 0, 0, 'no');
Insert into parks (loc_ID, license_plate) values (3, 'E6A3C0B8');
Insert into vehicle (license_plate, make, model, year, vehicle_type, baseRate, odometer, fuel_used, damage) values ('6640A7CF', 'Ford', 'Pinto', '1976', 'subcompact', '82', 0, 0, 'no');
Insert into parks (loc_ID, license_plate) values (19, '6640A7CF');
Insert into vehicle (license_plate, make, model, year, vehicle_type, baseRate, odometer, fuel_used, damage) values ('265C51F1', 'Citroen', 'Deux Chevaux (2CV)', '1948', 'minicar', '80', 0, 0, 'no');
Insert into parks (loc_ID, license_plate) values (9, '265C51F1');
Insert into vehicle (license_plate, make, model, year, vehicle_type, baseRate, odometer, fuel_used, damage) values ('B3EB9116', 'Volkswagen', 'Thing', '1976', 'truck', '74', 0, 0, 'no');
Insert into parks (loc_ID, license_plate) values (10, 'B3EB9116');
Insert into vehicle (license_plate, make, model, year, vehicle_type, baseRate, odometer, fuel_used, damage) values ('24729DB2', 'Yugo', 'Bongo', '2008', 'compact', '80', 0, 0, 'no');
Insert into parks (loc_ID, license_plate) values (4, '24729DB2');
Insert into vehicle (license_plate, make, model, year, vehicle_type, baseRate, odometer, fuel_used, damage) values ('3ED4790B', 'Yugo', 'Bongo', '2007', 'compact', '80', 0, 0, 'no');
Insert into parks (loc_ID, license_plate) values (22, '3ED4790B');
Insert into vehicle (license_plate, make, model, year, vehicle_type, baseRate, odometer, fuel_used, damage) values ('344235C3', 'Volkswagen', 'Thing', '1970', 'truck', '74', 0, 0, 'no');
Insert into parks (loc_ID, license_plate) values (23, '344235C3');
Insert into vehicle (license_plate, make, model, year, vehicle_type, baseRate, odometer, fuel_used, damage) values ('66B7BDA4', 'Chevrolet', 'Vega', '1975', 'compact', '75', 0, 0, 'no');
Insert into parks (loc_ID, license_plate) values (21, '66B7BDA4');
Insert into vehicle (license_plate, make, model, year, vehicle_type, baseRate, odometer, fuel_used, damage) values ('D57FD6B3', 'Ford', 'Edsel', '1959', 'full size', '69', 0, 0, 'no');
Insert into parks (loc_ID, license_plate) values (12, 'D57FD6B3');
Insert into vehicle (license_plate, make, model, year, vehicle_type, baseRate, odometer, fuel_used, damage) values ('18351EAA', 'Volkswagen', 'Thing', '1973', 'truck', '74', 0, 0, 'no');
Insert into parks (loc_ID, license_plate) values (7, '18351EAA');
Insert into vehicle (license_plate, make, model, year, vehicle_type, baseRate, odometer, fuel_used, damage) values ('7DAC325F', 'Pontiac', 'Aztek', '2005', 'minivan', '66', 0, 0, 'no');
Insert into parks (loc_ID, license_plate) values (19, '7DAC325F');
Insert into vehicle (license_plate, make, model, year, vehicle_type, baseRate, odometer, fuel_used, damage) values ('15F4BB07', 'AMC', 'Pacer', '1976', 'compact', '70', 0, 0, 'no');
Insert into parks (loc_ID, license_plate) values (12, '15F4BB07');
Insert into vehicle (license_plate, make, model, year, vehicle_type, baseRate, odometer, fuel_used, damage) values ('C7A2ED1A', 'Pontiac', 'Aztek', '2001', 'minivan', '66', 0, 0, 'no');
Insert into parks (loc_ID, license_plate) values (21, 'C7A2ED1A');
Insert into vehicle (license_plate, make, model, year, vehicle_type, baseRate, odometer, fuel_used, damage) values ('6B5AC780', 'Volkswagen', 'Thing', '1973', 'truck', '74', 0, 0, 'no');
Insert into parks (loc_ID, license_plate) values (18, '6B5AC780');
Insert into vehicle (license_plate, make, model, year, vehicle_type, baseRate, odometer, fuel_used, damage) values ('C226C9DF', 'AMC', 'Gremlin', '1976', 'subcompact', '65', 0, 0, 'no');
Insert into parks (loc_ID, license_plate) values (23, 'C226C9DF');
Insert into vehicle (license_plate, make, model, year, vehicle_type, baseRate, odometer, fuel_used, damage) values ('A5D6A176', 'Chevrolet', 'Leaflet', '2007', 'full size', '80', 0, 0, 'no');
Insert into parks (loc_ID, license_plate) values (11, 'A5D6A176');
Insert into vehicle (license_plate, make, model, year, vehicle_type, baseRate, odometer, fuel_used, damage) values ('8D64FEC7', 'Toyota', 'Toyopet', '1960', 'subcompact', '84', 0, 0, 'no');
Insert into parks (loc_ID, license_plate) values (25, '8D64FEC7');
Insert into vehicle (license_plate, make, model, year, vehicle_type, baseRate, odometer, fuel_used, damage) values ('5361580F', 'Chevrolet', 'Leaflet', '2010', 'full size', '80', 0, 0, 'no');
Insert into parks (loc_ID, license_plate) values (6, '5361580F');
Insert into vehicle (license_plate, make, model, year, vehicle_type, baseRate, odometer, fuel_used, damage) values ('C8C46473', 'Ford', 'Pinto', '1980', 'subcompact', '82', 0, 0, 'no');
Insert into parks (loc_ID, license_plate) values (19, 'C8C46473');
Insert into vehicle (license_plate, make, model, year, vehicle_type, baseRate, odometer, fuel_used, damage) values ('E590D532', 'VAZ', 'Lada', '1986', 'compact', '79', 0, 0, 'no');
Insert into parks (loc_ID, license_plate) values (13, 'E590D532');
Insert into vehicle (license_plate, make, model, year, vehicle_type, baseRate, odometer, fuel_used, damage) values ('84071846', 'Volkswagen', 'Thing', '1976', 'truck', '74', 0, 0, 'no');
Insert into parks (loc_ID, license_plate) values (18, '84071846');
Insert into vehicle (license_plate, make, model, year, vehicle_type, baseRate, odometer, fuel_used, damage) values ('DC02DDA0', 'Plymouth', 'Prowler', '2002', 'sports car', '88', 0, 0, 'no');
Insert into parks (loc_ID, license_plate) values (25, 'DC02DDA0');
Insert into vehicle (license_plate, make, model, year, vehicle_type, baseRate, odometer, fuel_used, damage) values ('00548C61', 'AMC', 'Pacer', '1977', 'compact', '70', 0, 0, 'no');
Insert into parks (loc_ID, license_plate) values (8, '00548C61');
Insert into vehicle (license_plate, make, model, year, vehicle_type, baseRate, odometer, fuel_used, damage) values ('DF8EA1B5', 'Toyota', 'Toyopet', '1960', 'subcompact', '84', 0, 0, 'no');
Insert into parks (loc_ID, license_plate) values (7, 'DF8EA1B5');
Insert into vehicle (license_plate, make, model, year, vehicle_type, baseRate, odometer, fuel_used, damage) values ('98224DD4', 'Trabant', 'Trabant', '1985', 'subcompact', '77', 0, 0, 'no');
Insert into parks (loc_ID, license_plate) values (13, '98224DD4');
Insert into vehicle (license_plate, make, model, year, vehicle_type, baseRate, odometer, fuel_used, damage) values ('F5C4D14E', 'Volkswagen', 'Thing', '1977', 'truck', '74', 0, 0, 'no');
Insert into parks (loc_ID, license_plate) values (16, 'F5C4D14E');
Insert into vehicle (license_plate, make, model, year, vehicle_type, baseRate, odometer, fuel_used, damage) values ('71271ED1', 'Yugo', 'Bongo', '2010', 'compact', '80', 0, 0, 'no');
Insert into parks (loc_ID, license_plate) values (25, '71271ED1');
Insert into vehicle (license_plate, make, model, year, vehicle_type, baseRate, odometer, fuel_used, damage) values ('1F15B73F', 'Trabant', 'Trabant', '1977', 'subcompact', '77', 0, 0, 'no');
Insert into parks (loc_ID, license_plate) values (22, '1F15B73F');
Insert into vehicle (license_plate, make, model, year, vehicle_type, baseRate, odometer, fuel_used, damage) values ('DE221F7A', 'Chevrolet', 'Leaflet', '2006', 'full size', '80', 0, 0, 'no');
Insert into parks (loc_ID, license_plate) values (8, 'DE221F7A');
Insert into vehicle (license_plate, make, model, year, vehicle_type, baseRate, odometer, fuel_used, damage) values ('4FA20221', 'Chevrolet', 'Vega', '1974', 'compact', '75', 0, 0, 'no');
Insert into parks (loc_ID, license_plate) values (20, '4FA20221');
Insert into vehicle (license_plate, make, model, year, vehicle_type, baseRate, odometer, fuel_used, damage) values ('BEA12E06', 'Yugo', 'Yugo', '2007', 'subcompact', '64', 0, 0, 'no');
Insert into parks (loc_ID, license_plate) values (8, 'BEA12E06');
Insert into vehicle (license_plate, make, model, year, vehicle_type, baseRate, odometer, fuel_used, damage) values ('9CF1A5E8', 'Yugo', 'Bongo', '2006', 'compact', '80', 0, 0, 'no');
Insert into parks (loc_ID, license_plate) values (16, '9CF1A5E8');
Insert into vehicle (license_plate, make, model, year, vehicle_type, baseRate, odometer, fuel_used, damage) values ('8FD138BA', 'VAZ', 'Wrangler', '2008', 'SUV', '80', 0, 0, 'no');
Insert into parks (loc_ID, license_plate) values (20, '8FD138BA');
Insert into vehicle (license_plate, make, model, year, vehicle_type, baseRate, odometer, fuel_used, damage) values ('40FBFA52', 'VAZ', 'Wrangler', '2007', 'SUV', '80', 0, 0, 'no');
Insert into parks (loc_ID, license_plate) values (9, '40FBFA52');
Insert into vehicle (license_plate, make, model, year, vehicle_type, baseRate, odometer, fuel_used, damage) values ('2B377EA3', 'Isuzu', 'Axiom', '2001', 'SUV', '70', 0, 0, 'no');
Insert into parks (loc_ID, license_plate) values (19, '2B377EA3');
Insert into vehicle (license_plate, make, model, year, vehicle_type, baseRate, odometer, fuel_used, damage) values ('2BA00BF3', 'AMC', 'Gremlin', '1977', 'subcompact', '65', 0, 0, 'no');
Insert into parks (loc_ID, license_plate) values (21, '2BA00BF3');
Insert into vehicle (license_plate, make, model, year, vehicle_type, baseRate, odometer, fuel_used, damage) values ('95A37602', 'Volkswagen', 'Thing', '1973', 'truck', '74', 0, 0, 'no');
Insert into parks (loc_ID, license_plate) values (12, '95A37602');
Insert into vehicle (license_plate, make, model, year, vehicle_type, baseRate, odometer, fuel_used, damage) values ('A7C6AB30', 'Chevrolet', 'Vega', '1977', 'compact', '75', 0, 0, 'no');
Insert into parks (loc_ID, license_plate) values (10, 'A7C6AB30');
Insert into vehicle (license_plate, make, model, year, vehicle_type, baseRate, odometer, fuel_used, damage) values ('64291E9D', 'Volkswagen', 'Thing', '1980', 'truck', '74', 0, 0, 'no');
Insert into parks (loc_ID, license_plate) values (2, '64291E9D');
Insert into vehicle (license_plate, make, model, year, vehicle_type, baseRate, odometer, fuel_used, damage) values ('DDFC4DBF', 'Ford', 'Edsel', '1958', 'full size', '69', 0, 0, 'no');
Insert into parks (loc_ID, license_plate) values (6, 'DDFC4DBF');
Insert into vehicle (license_plate, make, model, year, vehicle_type, baseRate, odometer, fuel_used, damage) values ('AB11129E', 'AMC', 'Hornet', '1970', 'compact', '75', 0, 0, 'no');
Insert into parks (loc_ID, license_plate) values (4, 'AB11129E');
Insert into vehicle (license_plate, make, model, year, vehicle_type, baseRate, odometer, fuel_used, damage) values ('27BD3A07', 'Ford', 'Pinto', '1979', 'subcompact', '82', 0, 0, 'no');
Insert into parks (loc_ID, license_plate) values (19, '27BD3A07');
Insert into vehicle (license_plate, make, model, year, vehicle_type, baseRate, odometer, fuel_used, damage) values ('44B27B52', 'Yugo', 'Bongo', '2009', 'compact', '80', 0, 0, 'no');
Insert into parks (loc_ID, license_plate) values (14, '44B27B52');
Insert into vehicle (license_plate, make, model, year, vehicle_type, baseRate, odometer, fuel_used, damage) values ('A75372C0', 'Yugo', 'Bongo', '2011', 'compact', '80', 0, 0, 'no');
Insert into parks (loc_ID, license_plate) values (21, 'A75372C0');
Insert into vehicle (license_plate, make, model, year, vehicle_type, baseRate, odometer, fuel_used, damage) values ('98C3B454', 'Toyota', 'Toyopet', '1959', 'subcompact', '84', 0, 0, 'no');
Insert into parks (loc_ID, license_plate) values (21, '98C3B454');
Insert into vehicle (license_plate, make, model, year, vehicle_type, baseRate, odometer, fuel_used, damage) values ('E27A555C', 'Isuzu', 'Amazon', '2006', 'truck', '80', 0, 0, 'no');
Insert into parks (loc_ID, license_plate) values (9, 'E27A555C');
Insert into vehicle (license_plate, make, model, year, vehicle_type, baseRate, odometer, fuel_used, damage) values ('CDDF849D', 'Chevrolet', 'Leaflet', '2010', 'full size', '80', 0, 0, 'no');
Insert into parks (loc_ID, license_plate) values (13, 'CDDF849D');
Insert into vehicle (license_plate, make, model, year, vehicle_type, baseRate, odometer, fuel_used, damage) values ('C3A15D9A', 'Volkswagen', 'Thing', '1976', 'truck', '74', 0, 0, 'no');
Insert into parks (loc_ID, license_plate) values (11, 'C3A15D9A');
Insert into vehicle (license_plate, make, model, year, vehicle_type, baseRate, odometer, fuel_used, damage) values ('7E155CC0', 'AMC', 'Hornet', '1970', 'compact', '75', 0, 0, 'no');
Insert into parks (loc_ID, license_plate) values (2, '7E155CC0');
Insert into vehicle (license_plate, make, model, year, vehicle_type, baseRate, odometer, fuel_used, damage) values ('09FA6D83', 'Ford', 'Edsel', '1959', 'full size', '69', 0, 0, 'no');
Insert into parks (loc_ID, license_plate) values (18, '09FA6D83');
Insert into vehicle (license_plate, make, model, year, vehicle_type, baseRate, odometer, fuel_used, damage) values ('CC9664D8', 'Isuzu', 'Amazon', '2006', 'truck', '80', 0, 0, 'no');
Insert into parks (loc_ID, license_plate) values (23, 'CC9664D8');
Insert into vehicle (license_plate, make, model, year, vehicle_type, baseRate, odometer, fuel_used, damage) values ('F329E700', 'Isuzu', 'Amazon', '2010', 'truck', '80', 0, 0, 'no');
Insert into parks (loc_ID, license_plate) values (20, 'F329E700');
Insert into vehicle (license_plate, make, model, year, vehicle_type, baseRate, odometer, fuel_used, damage) values ('07864C4E', 'Ford', 'Edsel', '1960', 'full size', '69', 0, 0, 'no');
Insert into parks (loc_ID, license_plate) values (5, '07864C4E');
Insert into vehicle (license_plate, make, model, year, vehicle_type, baseRate, odometer, fuel_used, damage) values ('0D5DDF4B', 'AMC', 'Pacer', '1975', 'compact', '70', 0, 0, 'no');
Insert into parks (loc_ID, license_plate) values (10, '0D5DDF4B');
Insert into vehicle (license_plate, make, model, year, vehicle_type, baseRate, odometer, fuel_used, damage) values ('9D0D044F', 'Toyota', 'Toyopet', '1959', 'subcompact', '84', 0, 0, 'no');
Insert into parks (loc_ID, license_plate) values (14, '9D0D044F');
Insert into vehicle (license_plate, make, model, year, vehicle_type, baseRate, odometer, fuel_used, damage) values ('2C1DD8F7', 'Toyota', 'Toyopet', '1959', 'subcompact', '84', 0, 0, 'no');
Insert into parks (loc_ID, license_plate) values (24, '2C1DD8F7');
Insert into vehicle (license_plate, make, model, year, vehicle_type, baseRate, odometer, fuel_used, damage) values ('DA094952', 'VAZ', 'Wrangler', '2009', 'SUV', '80', 0, 0, 'no');
Insert into parks (loc_ID, license_plate) values (15, 'DA094952');
Insert into vehicle (license_plate, make, model, year, vehicle_type, baseRate, odometer, fuel_used, damage) values ('DDD65A02', 'Pontiac', 'Aztek', '2001', 'minivan', '66', 0, 0, 'no');
Insert into parks (loc_ID, license_plate) values (10, 'DDD65A02');
Insert into vehicle (license_plate, make, model, year, vehicle_type, baseRate, odometer, fuel_used, damage) values ('B01A885C', 'AMC', 'Gremlin', '1977', 'subcompact', '65', 0, 0, 'no');
Insert into parks (loc_ID, license_plate) values (21, 'B01A885C');
Insert into vehicle (license_plate, make, model, year, vehicle_type, baseRate, odometer, fuel_used, damage) values ('39055F09', 'Citroen', 'Deux Chevaux (2CV)', '1970', 'minicar', '80', 0, 0, 'no');
Insert into parks (loc_ID, license_plate) values (23, '39055F09');
Insert into vehicle (license_plate, make, model, year, vehicle_type, baseRate, odometer, fuel_used, damage) values ('5DF8357C', 'Plymouth', 'Prowler', '2000', 'sports car', '88', 0, 0, 'no');
Insert into parks (loc_ID, license_plate) values (22, '5DF8357C');
Insert into vehicle (license_plate, make, model, year, vehicle_type, baseRate, odometer, fuel_used, damage) values ('B3A2B593', 'Isuzu', 'Amazon', '2007', 'truck', '80', 0, 0, 'no');
Insert into parks (loc_ID, license_plate) values (10, 'B3A2B593');
Insert into vehicle (license_plate, make, model, year, vehicle_type, baseRate, odometer, fuel_used, damage) values ('0F72A85B', 'Toyota', 'Toyopet', '1960', 'subcompact', '84', 0, 0, 'no');
Insert into parks (loc_ID, license_plate) values (10, '0F72A85B');
Insert into vehicle (license_plate, make, model, year, vehicle_type, baseRate, odometer, fuel_used, damage) values ('1D8636AD', 'Plymouth', 'Prowler', '2001', 'sports car', '88', 0, 0, 'no');
Insert into parks (loc_ID, license_plate) values (10, '1D8636AD');
Insert into vehicle (license_plate, make, model, year, vehicle_type, baseRate, odometer, fuel_used, damage) values ('35CBE966', 'VAZ', 'Lada', '1985', 'compact', '79', 0, 0, 'no');
Insert into parks (loc_ID, license_plate) values (7, '35CBE966');
Insert into vehicle (license_plate, make, model, year, vehicle_type, baseRate, odometer, fuel_used, damage) values ('C1359EB2', 'AMC', 'Gremlin', '1971', 'subcompact', '65', 0, 0, 'no');
Insert into parks (loc_ID, license_plate) values (16, 'C1359EB2');
Insert into vehicle (license_plate, make, model, year, vehicle_type, baseRate, odometer, fuel_used, damage) values ('F1A2EDD4', 'Trabant', 'Trabant', '1980', 'subcompact', '77', 0, 0, 'no');
Insert into parks (loc_ID, license_plate) values (8, 'F1A2EDD4');
Insert into vehicle (license_plate, make, model, year, vehicle_type, baseRate, odometer, fuel_used, damage) values ('1E211D63', 'Chevrolet', 'Vega', '1971', 'compact', '75', 0, 0, 'no');
Insert into parks (loc_ID, license_plate) values (11, '1E211D63');
Insert into vehicle (license_plate, make, model, year, vehicle_type, baseRate, odometer, fuel_used, damage) values ('B494D4CA', 'Trabant', 'Trabant', '1989', 'subcompact', '77', 0, 0, 'no');
Insert into parks (loc_ID, license_plate) values (6, 'B494D4CA');
Insert into vehicle (license_plate, make, model, year, vehicle_type, baseRate, odometer, fuel_used, damage) values ('8A5E32B2', 'VAZ', 'Wrangler', '2006', 'SUV', '80', 0, 0, 'no');
Insert into parks (loc_ID, license_plate) values (20, '8A5E32B2');
Insert into vehicle (license_plate, make, model, year, vehicle_type, baseRate, odometer, fuel_used, damage) values ('7DC886C5', 'Isuzu', 'Axiom', '2001', 'SUV', '70', 0, 0, 'no');
Insert into parks (loc_ID, license_plate) values (10, '7DC886C5');
Insert into vehicle (license_plate, make, model, year, vehicle_type, baseRate, odometer, fuel_used, damage) values ('65C41A7F', 'Isuzu', 'Amazon', '2008', 'truck', '80', 0, 0, 'no');
Insert into parks (loc_ID, license_plate) values (5, '65C41A7F');
Insert into vehicle (license_plate, make, model, year, vehicle_type, baseRate, odometer, fuel_used, damage) values ('F86E293D', 'AMC', 'Hornet', '1969', 'compact', '75', 0, 0, 'no');
Insert into parks (loc_ID, license_plate) values (13, 'F86E293D');
Insert into vehicle (license_plate, make, model, year, vehicle_type, baseRate, odometer, fuel_used, damage) values ('645F911D', 'AMC', 'Gremlin', '1975', 'subcompact', '65', 0, 0, 'no');
Insert into parks (loc_ID, license_plate) values (9, '645F911D');
Insert into vehicle (license_plate, make, model, year, vehicle_type, baseRate, odometer, fuel_used, damage) values ('96466C98', 'AMC', 'Hornet', '1970', 'compact', '75', 0, 0, 'no');
Insert into parks (loc_ID, license_plate) values (19, '96466C98');
Insert into vehicle (license_plate, make, model, year, vehicle_type, baseRate, odometer, fuel_used, damage) values ('B5D6B6B3', 'VAZ', 'Lada', '1988', 'compact', '79', 0, 0, 'no');
Insert into parks (loc_ID, license_plate) values (3, 'B5D6B6B3');
Insert into vehicle (license_plate, make, model, year, vehicle_type, baseRate, odometer, fuel_used, damage) values ('3E3E2405', 'AMC', 'Hornet', '1969', 'compact', '75', 0, 0, 'no');
Insert into parks (loc_ID, license_plate) values (9, '3E3E2405');
Insert into vehicle (license_plate, make, model, year, vehicle_type, baseRate, odometer, fuel_used, damage) values ('ED58C380', 'Plymouth', 'Prowler', '1999', 'sports car', '88', 0, 0, 'no');
Insert into parks (loc_ID, license_plate) values (8, 'ED58C380');
Insert into vehicle (license_plate, make, model, year, vehicle_type, baseRate, odometer, fuel_used, damage) values ('4835F74C', 'Volkswagen', 'Thing', '1971', 'truck', '74', 0, 0, 'no');
Insert into parks (loc_ID, license_plate) values (24, '4835F74C');
Insert into vehicle (license_plate, make, model, year, vehicle_type, baseRate, odometer, fuel_used, damage) values ('38DEFD76', 'Chevrolet', 'Vega', '1972', 'compact', '75', 0, 0, 'no');
Insert into parks (loc_ID, license_plate) values (10, '38DEFD76');
Insert into vehicle (license_plate, make, model, year, vehicle_type, baseRate, odometer, fuel_used, damage) values ('B2A94C21', 'VAZ', 'Wrangler', '2006', 'SUV', '80', 0, 0, 'no');
Insert into parks (loc_ID, license_plate) values (6, 'B2A94C21');
Insert into vehicle (license_plate, make, model, year, vehicle_type, baseRate, odometer, fuel_used, damage) values ('0BC8D88B', 'VAZ', 'Lada', '1972', 'compact', '79', 0, 0, 'no');
Insert into parks (loc_ID, license_plate) values (5, '0BC8D88B');
Insert into vehicle (license_plate, make, model, year, vehicle_type, baseRate, odometer, fuel_used, damage) values ('3D5D9535', 'Isuzu', 'Axiom', '2001', 'SUV', '70', 0, 0, 'no');
Insert into parks (loc_ID, license_plate) values (3, '3D5D9535');
Insert into vehicle (license_plate, make, model, year, vehicle_type, baseRate, odometer, fuel_used, damage) values ('C382E309', 'Trabant', 'Trabant', '1968', 'subcompact', '77', 0, 0, 'no');
Insert into parks (loc_ID, license_plate) values (21, 'C382E309');
Insert into vehicle (license_plate, make, model, year, vehicle_type, baseRate, odometer, fuel_used, damage) values ('BC087427', 'Isuzu', 'Amazon', '2011', 'truck', '80', 0, 0, 'no');
Insert into parks (loc_ID, license_plate) values (14, 'BC087427');
Insert into vehicle (license_plate, make, model, year, vehicle_type, baseRate, odometer, fuel_used, damage) values ('7879F877', 'Volkswagen', 'Thing', '1974', 'truck', '74', 0, 0, 'no');
Insert into parks (loc_ID, license_plate) values (18, '7879F877');
Insert into vehicle (license_plate, make, model, year, vehicle_type, baseRate, odometer, fuel_used, damage) values ('D36A2FAB', 'Trabant', 'Trabant', '1965', 'subcompact', '77', 0, 0, 'no');
Insert into parks (loc_ID, license_plate) values (3, 'D36A2FAB');
Insert into vehicle (license_plate, make, model, year, vehicle_type, baseRate, odometer, fuel_used, damage) values ('11543157', 'VAZ', 'Lada', '1972', 'compact', '79', 0, 0, 'no');
Insert into parks (loc_ID, license_plate) values (25, '11543157');
Insert into vehicle (license_plate, make, model, year, vehicle_type, baseRate, odometer, fuel_used, damage) values ('52B6A72E', 'Chevrolet', 'Vega', '1972', 'compact', '75', 0, 0, 'no');
Insert into parks (loc_ID, license_plate) values (6, '52B6A72E');
Insert into vehicle (license_plate, make, model, year, vehicle_type, baseRate, odometer, fuel_used, damage) values ('EA58F47A', 'Yugo', 'Yugo', '2007', 'subcompact', '64', 0, 0, 'no');
Insert into parks (loc_ID, license_plate) values (21, 'EA58F47A');
Insert into vehicle (license_plate, make, model, year, vehicle_type, baseRate, odometer, fuel_used, damage) values ('42B2512F', 'Isuzu', 'Amazon', '2007', 'truck', '80', 0, 0, 'no');
Insert into parks (loc_ID, license_plate) values (19, '42B2512F');
Insert into vehicle (license_plate, make, model, year, vehicle_type, baseRate, odometer, fuel_used, damage) values ('0A5CF837', 'AMC', 'Gremlin', '1973', 'subcompact', '65', 0, 0, 'no');
Insert into parks (loc_ID, license_plate) values (11, '0A5CF837');
Insert into vehicle (license_plate, make, model, year, vehicle_type, baseRate, odometer, fuel_used, damage) values ('13954DE9', 'Ford', 'Pinto', '1978', 'subcompact', '82', 0, 0, 'no');
Insert into parks (loc_ID, license_plate) values (16, '13954DE9');
Insert into vehicle (license_plate, make, model, year, vehicle_type, baseRate, odometer, fuel_used, damage) values ('FEBEA745', 'Isuzu', 'Axiom', '2001', 'SUV', '70', 0, 0, 'no');
Insert into parks (loc_ID, license_plate) values (16, 'FEBEA745');
Insert into vehicle (license_plate, make, model, year, vehicle_type, baseRate, odometer, fuel_used, damage) values ('7FEB5131', 'Citroen', 'Deux Chevaux (2CV)', '1960', 'minicar', '80', 0, 0, 'no');
Insert into parks (loc_ID, license_plate) values (17, '7FEB5131');
Insert into vehicle (license_plate, make, model, year, vehicle_type, baseRate, odometer, fuel_used, damage) values ('275C91A2', 'AMC', 'Pacer', '1978', 'compact', '70', 0, 0, 'no');
Insert into parks (loc_ID, license_plate) values (15, '275C91A2');
Insert into vehicle (license_plate, make, model, year, vehicle_type, baseRate, odometer, fuel_used, damage) values ('83744926', 'Citroen', 'Deux Chevaux (2CV)', '1973', 'minicar', '80', 0, 0, 'no');
Insert into parks (loc_ID, license_plate) values (10, '83744926');
Insert into vehicle (license_plate, make, model, year, vehicle_type, baseRate, odometer, fuel_used, damage) values ('377E47AC', 'Isuzu', 'Amazon', '2011', 'truck', '80', 0, 0, 'no');
Insert into parks (loc_ID, license_plate) values (21, '377E47AC');
Insert into vehicle (license_plate, make, model, year, vehicle_type, baseRate, odometer, fuel_used, damage) values ('06A76694', 'Isuzu', 'Axiom', '2001', 'SUV', '70', 0, 0, 'no');
Insert into parks (loc_ID, license_plate) values (25, '06A76694');
Insert into vehicle (license_plate, make, model, year, vehicle_type, baseRate, odometer, fuel_used, damage) values ('586C4D50', 'AMC', 'Gremlin', '1975', 'subcompact', '65', 0, 0, 'no');
Insert into parks (loc_ID, license_plate) values (16, '586C4D50');
Insert into vehicle (license_plate, make, model, year, vehicle_type, baseRate, odometer, fuel_used, damage) values ('8074E706', 'Trabant', 'Trabant', '1973', 'subcompact', '77', 0, 0, 'no');
Insert into parks (loc_ID, license_plate) values (18, '8074E706');
Insert into vehicle (license_plate, make, model, year, vehicle_type, baseRate, odometer, fuel_used, damage) values ('79CB4010', 'Yugo', 'Bongo', '2007', 'compact', '80', 0, 0, 'no');
Insert into parks (loc_ID, license_plate) values (3, '79CB4010');
Insert into vehicle (license_plate, make, model, year, vehicle_type, baseRate, odometer, fuel_used, damage) values ('C8E04D60', 'Ford', 'Edsel', '1960', 'full size', '69', 0, 0, 'no');
Insert into parks (loc_ID, license_plate) values (22, 'C8E04D60');
Insert into vehicle (license_plate, make, model, year, vehicle_type, baseRate, odometer, fuel_used, damage) values ('E8A37C03', 'AMC', 'Pacer', '1977', 'compact', '70', 0, 0, 'no');
Insert into parks (loc_ID, license_plate) values (19, 'E8A37C03');
Insert into vehicle (license_plate, make, model, year, vehicle_type, baseRate, odometer, fuel_used, damage) values ('A005FCA7', 'Yugo', 'Yugo', '2007', 'subcompact', '64', 0, 0, 'no');
Insert into parks (loc_ID, license_plate) values (15, 'A005FCA7');
Insert into vehicle (license_plate, make, model, year, vehicle_type, baseRate, odometer, fuel_used, damage) values ('9F75C5AD', 'AMC', 'Pacer', '1977', 'compact', '70', 0, 0, 'no');
Insert into parks (loc_ID, license_plate) values (24, '9F75C5AD');
Insert into vehicle (license_plate, make, model, year, vehicle_type, baseRate, odometer, fuel_used, damage) values ('AAB6E6F2', 'Yugo', 'Yugo', '2008', 'subcompact', '64', 0, 0, 'no');
Insert into parks (loc_ID, license_plate) values (12, 'AAB6E6F2');
Insert into vehicle (license_plate, make, model, year, vehicle_type, baseRate, odometer, fuel_used, damage) values ('CDF87E57', 'AMC', 'Hornet', '1969', 'compact', '75', 0, 0, 'no');
Insert into parks (loc_ID, license_plate) values (14, 'CDF87E57');
Insert into vehicle (license_plate, make, model, year, vehicle_type, baseRate, odometer, fuel_used, damage) values ('48A93247', 'Plymouth', 'Prowler', '2000', 'sports car', '88', 0, 0, 'no');
Insert into parks (loc_ID, license_plate) values (23, '48A93247');
Insert into vehicle (license_plate, make, model, year, vehicle_type, baseRate, odometer, fuel_used, damage) values ('9E4D29C3', 'Isuzu', 'Axiom', '2001', 'SUV', '70', 0, 0, 'no');
Insert into parks (loc_ID, license_plate) values (12, '9E4D29C3');
Insert into vehicle (license_plate, make, model, year, vehicle_type, baseRate, odometer, fuel_used, damage) values ('3CAF11F8', 'Chevrolet', 'Leaflet', '2010', 'full size', '80', 0, 0, 'no');
Insert into parks (loc_ID, license_plate) values (7, '3CAF11F8');
Insert into vehicle (license_plate, make, model, year, vehicle_type, baseRate, odometer, fuel_used, damage) values ('86510CE1', 'AMC', 'Pacer', '1975', 'compact', '70', 0, 0, 'no');
Insert into parks (loc_ID, license_plate) values (2, '86510CE1');
Insert into vehicle (license_plate, make, model, year, vehicle_type, baseRate, odometer, fuel_used, damage) values ('36C36FF3', 'AMC', 'Pacer', '1979', 'compact', '70', 0, 0, 'no');
Insert into parks (loc_ID, license_plate) values (11, '36C36FF3');
Insert into vehicle (license_plate, make, model, year, vehicle_type, baseRate, odometer, fuel_used, damage) values ('65B69870', 'Yugo', 'Bongo', '2011', 'compact', '80', 0, 0, 'no');
Insert into parks (loc_ID, license_plate) values (22, '65B69870');
Insert into vehicle (license_plate, make, model, year, vehicle_type, baseRate, odometer, fuel_used, damage) values ('7C4DAFCB', 'Yugo', 'Yugo', '2007', 'subcompact', '64', 0, 0, 'no');
Insert into parks (loc_ID, license_plate) values (24, '7C4DAFCB');
Insert into vehicle (license_plate, make, model, year, vehicle_type, baseRate, odometer, fuel_used, damage) values ('4FB34F8B', 'Yugo', 'Bongo', '2006', 'compact', '80', 0, 0, 'no');
Insert into parks (loc_ID, license_plate) values (19, '4FB34F8B');
Insert into vehicle (license_plate, make, model, year, vehicle_type, baseRate, odometer, fuel_used, damage) values ('B242F2C3', 'Isuzu', 'Axiom', '2001', 'SUV', '70', 0, 0, 'no');
Insert into parks (loc_ID, license_plate) values (15, 'B242F2C3');
Insert into vehicle (license_plate, make, model, year, vehicle_type, baseRate, odometer, fuel_used, damage) values ('F016C8BB', 'AMC', 'Gremlin', '1975', 'subcompact', '65', 0, 0, 'no');
Insert into parks (loc_ID, license_plate) values (24, 'F016C8BB');
Insert into vehicle (license_plate, make, model, year, vehicle_type, baseRate, odometer, fuel_used, damage) values ('36C93D24', 'Citroen', 'Deux Chevaux (2CV)', '1966', 'minicar', '80', 0, 0, 'no');
Insert into parks (loc_ID, license_plate) values (14, '36C93D24');
Insert into vehicle (license_plate, make, model, year, vehicle_type, baseRate, odometer, fuel_used, damage) values ('5EED631F', 'Toyota', 'Toyopet', '1959', 'subcompact', '84', 0, 0, 'no');
Insert into parks (loc_ID, license_plate) values (8, '5EED631F');
Insert into vehicle (license_plate, make, model, year, vehicle_type, baseRate, odometer, fuel_used, damage) values ('8BCA8D6F', 'Ford', 'Pinto', '1979', 'subcompact', '82', 0, 0, 'no');
Insert into parks (loc_ID, license_plate) values (3, '8BCA8D6F');
Insert into vehicle (license_plate, make, model, year, vehicle_type, baseRate, odometer, fuel_used, damage) values ('FA2BCB52', 'AMC', 'Gremlin', '1972', 'subcompact', '65', 0, 0, 'no');
Insert into parks (loc_ID, license_plate) values (3, 'FA2BCB52');
Insert into vehicle (license_plate, make, model, year, vehicle_type, baseRate, odometer, fuel_used, damage) values ('576A470F', 'Toyota', 'Toyopet', '1960', 'subcompact', '84', 0, 0, 'no');
Insert into parks (loc_ID, license_plate) values (7, '576A470F');
Insert into vehicle (license_plate, make, model, year, vehicle_type, baseRate, odometer, fuel_used, damage) values ('01F93E6A', 'Citroen', 'Deux Chevaux (2CV)', '1953', 'minicar', '80', 0, 0, 'no');
Insert into parks (loc_ID, license_plate) values (23, '01F93E6A');
Insert into vehicle (license_plate, make, model, year, vehicle_type, baseRate, odometer, fuel_used, damage) values ('1B87A0D8', 'Ford', 'Edsel', '1960', 'full size', '69', 0, 0, 'no');
Insert into parks (loc_ID, license_plate) values (14, '1B87A0D8');
Insert into vehicle (license_plate, make, model, year, vehicle_type, baseRate, odometer, fuel_used, damage) values ('04CDC4DA', 'Isuzu', 'Axiom', '2001', 'SUV', '70', 0, 0, 'no');
Insert into parks (loc_ID, license_plate) values (12, '04CDC4DA');
Insert into vehicle (license_plate, make, model, year, vehicle_type, baseRate, odometer, fuel_used, damage) values ('A852832A', 'Pontiac', 'Aztek', '2001', 'minivan', '66', 0, 0, 'no');
Insert into parks (loc_ID, license_plate) values (11, 'A852832A');
Insert into vehicle (license_plate, make, model, year, vehicle_type, baseRate, odometer, fuel_used, damage) values ('B2B2CA94', 'Ford', 'Pinto', '1971', 'subcompact', '82', 0, 0, 'no');
Insert into parks (loc_ID, license_plate) values (5, 'B2B2CA94');
Insert into vehicle (license_plate, make, model, year, vehicle_type, baseRate, odometer, fuel_used, damage) values ('9095AF09', 'AMC', 'Hornet', '1969', 'compact', '75', 0, 0, 'no');
Insert into parks (loc_ID, license_plate) values (25, '9095AF09');
Insert into vehicle (license_plate, make, model, year, vehicle_type, baseRate, odometer, fuel_used, damage) values ('DA904E90', 'Isuzu', 'Amazon', '2006', 'truck', '80', 0, 0, 'no');
Insert into parks (loc_ID, license_plate) values (24, 'DA904E90');
Insert into vehicle (license_plate, make, model, year, vehicle_type, baseRate, odometer, fuel_used, damage) values ('D8ADAF6D', 'Volkswagen', 'Thing', '1974', 'truck', '74', 0, 0, 'no');
Insert into parks (loc_ID, license_plate) values (11, 'D8ADAF6D');
Insert into vehicle (license_plate, make, model, year, vehicle_type, baseRate, odometer, fuel_used, damage) values ('15C0C15B', 'Volkswagen', 'Thing', '1978', 'truck', '74', 0, 0, 'no');
Insert into parks (loc_ID, license_plate) values (23, '15C0C15B');
Insert into vehicle (license_plate, make, model, year, vehicle_type, baseRate, odometer, fuel_used, damage) values ('81796B38', 'Isuzu', 'Axiom', '2001', 'SUV', '70', 0, 0, 'no');
Insert into parks (loc_ID, license_plate) values (13, '81796B38');
Insert into vehicle (license_plate, make, model, year, vehicle_type, baseRate, odometer, fuel_used, damage) values ('AB37A42D', 'VAZ', 'Lada', '1987', 'compact', '79', 0, 0, 'no');
Insert into parks (loc_ID, license_plate) values (11, 'AB37A42D');
Insert into vehicle (license_plate, make, model, year, vehicle_type, baseRate, odometer, fuel_used, damage) values ('85CA5FAF', 'Isuzu', 'Amazon', '2009', 'truck', '80', 0, 0, 'no');
Insert into parks (loc_ID, license_plate) values (24, '85CA5FAF');
Insert into vehicle (license_plate, make, model, year, vehicle_type, baseRate, odometer, fuel_used, damage) values ('B582BE82', 'Volkswagen', 'Thing', '1970', 'truck', '74', 0, 0, 'no');
Insert into parks (loc_ID, license_plate) values (2, 'B582BE82');
Insert into vehicle (license_plate, make, model, year, vehicle_type, baseRate, odometer, fuel_used, damage) values ('B65704A6', 'Isuzu', 'Axiom', '2001', 'SUV', '70', 0, 0, 'no');
Insert into parks (loc_ID, license_plate) values (24, 'B65704A6');
Insert into vehicle (license_plate, make, model, year, vehicle_type, baseRate, odometer, fuel_used, damage) values ('BE91B51A', 'Isuzu', 'Amazon', '2006', 'truck', '80', 0, 0, 'no');
Insert into parks (loc_ID, license_plate) values (11, 'BE91B51A');
Insert into vehicle (license_plate, make, model, year, vehicle_type, baseRate, odometer, fuel_used, damage) values ('22955FB0', 'Isuzu', 'Axiom', '2001', 'SUV', '70', 0, 0, 'no');
Insert into parks (loc_ID, license_plate) values (5, '22955FB0');
Insert into vehicle (license_plate, make, model, year, vehicle_type, baseRate, odometer, fuel_used, damage) values ('8483F34E', 'Trabant', 'Trabant', '1990', 'subcompact', '77', 0, 0, 'no');
Insert into parks (loc_ID, license_plate) values (2, '8483F34E');
Insert into vehicle (license_plate, make, model, year, vehicle_type, baseRate, odometer, fuel_used, damage) values ('1F5DF675', 'Chevrolet', 'Leaflet', '2008', 'full size', '80', 0, 0, 'no');
Insert into parks (loc_ID, license_plate) values (14, '1F5DF675');
Insert into vehicle (license_plate, make, model, year, vehicle_type, baseRate, odometer, fuel_used, damage) values ('DE9208EF', 'Yugo', 'Bongo', '2006', 'compact', '80', 0, 0, 'no');
Insert into parks (loc_ID, license_plate) values (23, 'DE9208EF');
Insert into vehicle (license_plate, make, model, year, vehicle_type, baseRate, odometer, fuel_used, damage) values ('B8057880', 'AMC', 'Pacer', '1976', 'compact', '70', 0, 0, 'no');
Insert into parks (loc_ID, license_plate) values (25, 'B8057880');
Insert into vehicle (license_plate, make, model, year, vehicle_type, baseRate, odometer, fuel_used, damage) values ('E7979369', 'Isuzu', 'Axiom', '2001', 'SUV', '70', 0, 0, 'no');
Insert into parks (loc_ID, license_plate) values (12, 'E7979369');
Insert into vehicle (license_plate, make, model, year, vehicle_type, baseRate, odometer, fuel_used, damage) values ('A126451A', 'Trabant', 'Trabant', '1975', 'subcompact', '77', 0, 0, 'no');
Insert into parks (loc_ID, license_plate) values (1, 'A126451A');
Insert into vehicle (license_plate, make, model, year, vehicle_type, baseRate, odometer, fuel_used, damage) values ('F7532BF1', 'Ford', 'Edsel', '1960', 'full size', '69', 0, 0, 'no');
Insert into parks (loc_ID, license_plate) values (18, 'F7532BF1');
Insert into vehicle (license_plate, make, model, year, vehicle_type, baseRate, odometer, fuel_used, damage) values ('0D076816', 'Volkswagen', 'Thing', '1978', 'truck', '74', 0, 0, 'no');
Insert into parks (loc_ID, license_plate) values (2, '0D076816');
Insert into vehicle (license_plate, make, model, year, vehicle_type, baseRate, odometer, fuel_used, damage) values ('1B011A92', 'Toyota', 'Toyopet', '1960', 'subcompact', '84', 0, 0, 'no');
Insert into parks (loc_ID, license_plate) values (3, '1B011A92');
Insert into vehicle (license_plate, make, model, year, vehicle_type, baseRate, odometer, fuel_used, damage) values ('D9FF2D99', 'AMC', 'Hornet', '1969', 'compact', '75', 0, 0, 'no');
Insert into parks (loc_ID, license_plate) values (1, 'D9FF2D99');
Insert into vehicle (license_plate, make, model, year, vehicle_type, baseRate, odometer, fuel_used, damage) values ('BBD2DDA3', 'Isuzu', 'Amazon', '2006', 'truck', '80', 0, 0, 'no');
Insert into parks (loc_ID, license_plate) values (6, 'BBD2DDA3');
Insert into vehicle (license_plate, make, model, year, vehicle_type, baseRate, odometer, fuel_used, damage) values ('2D491195', 'AMC', 'Gremlin', '1974', 'subcompact', '65', 0, 0, 'no');
Insert into parks (loc_ID, license_plate) values (8, '2D491195');
Insert into vehicle (license_plate, make, model, year, vehicle_type, baseRate, odometer, fuel_used, damage) values ('9825A3E6', 'Yugo', 'Bongo', '2008', 'compact', '80', 0, 0, 'no');
Insert into parks (loc_ID, license_plate) values (24, '9825A3E6');
Insert into vehicle (license_plate, make, model, year, vehicle_type, baseRate, odometer, fuel_used, damage) values ('7E239913', 'Yugo', 'Bongo', '2006', 'compact', '80', 0, 0, 'no');
Insert into parks (loc_ID, license_plate) values (15, '7E239913');
Insert into vehicle (license_plate, make, model, year, vehicle_type, baseRate, odometer, fuel_used, damage) values ('3A918C7B', 'Ford', 'Pinto', '1973', 'subcompact', '82', 0, 0, 'no');
Insert into parks (loc_ID, license_plate) values (13, '3A918C7B');
Insert into vehicle (license_plate, make, model, year, vehicle_type, baseRate, odometer, fuel_used, damage) values ('DCD27961', 'Trabant', 'Trabant', '1973', 'subcompact', '77', 0, 0, 'no');
Insert into parks (loc_ID, license_plate) values (14, 'DCD27961');
Insert into vehicle (license_plate, make, model, year, vehicle_type, baseRate, odometer, fuel_used, damage) values ('7A035521', 'Chevrolet', 'Leaflet', '2010', 'full size', '80', 0, 0, 'no');
Insert into parks (loc_ID, license_plate) values (19, '7A035521');
Insert into vehicle (license_plate, make, model, year, vehicle_type, baseRate, odometer, fuel_used, damage) values ('B550AB1D', 'Trabant', 'Trabant', '1965', 'subcompact', '77', 0, 0, 'no');
Insert into parks (loc_ID, license_plate) values (7, 'B550AB1D');
Insert into vehicle (license_plate, make, model, year, vehicle_type, baseRate, odometer, fuel_used, damage) values ('3B564446', 'Chevrolet', 'Vega', '1971', 'compact', '75', 0, 0, 'no');
Insert into parks (loc_ID, license_plate) values (10, '3B564446');
Insert into vehicle (license_plate, make, model, year, vehicle_type, baseRate, odometer, fuel_used, damage) values ('EF08DCCE', 'Toyota', 'Toyopet', '1961', 'subcompact', '84', 0, 0, 'no');
Insert into parks (loc_ID, license_plate) values (16, 'EF08DCCE');
Insert into vehicle (license_plate, make, model, year, vehicle_type, baseRate, odometer, fuel_used, damage) values ('6E030E9E', 'AMC', 'Gremlin', '1973', 'subcompact', '65', 0, 0, 'no');
Insert into parks (loc_ID, license_plate) values (1, '6E030E9E');
Insert into vehicle (license_plate, make, model, year, vehicle_type, baseRate, odometer, fuel_used, damage) values ('EA0396F8', 'Plymouth', 'Prowler', '2001', 'sports car', '88', 0, 0, 'no');
Insert into parks (loc_ID, license_plate) values (23, 'EA0396F8');
Insert into vehicle (license_plate, make, model, year, vehicle_type, baseRate, odometer, fuel_used, damage) values ('002B17CC', 'Isuzu', 'Axiom', '2001', 'SUV', '70', 0, 0, 'no');
Insert into parks (loc_ID, license_plate) values (22, '002B17CC');
Insert into vehicle (license_plate, make, model, year, vehicle_type, baseRate, odometer, fuel_used, damage) values ('15209E86', 'Trabant', 'Trabant', '1972', 'subcompact', '77', 0, 0, 'no');
Insert into parks (loc_ID, license_plate) values (4, '15209E86');
Insert into vehicle (license_plate, make, model, year, vehicle_type, baseRate, odometer, fuel_used, damage) values ('1352F827', 'Ford', 'Edsel', '1959', 'full size', '69', 0, 0, 'no');
Insert into parks (loc_ID, license_plate) values (22, '1352F827');
Insert into vehicle (license_plate, make, model, year, vehicle_type, baseRate, odometer, fuel_used, damage) values ('F9EC6D8F', 'Citroen', 'Deux Chevaux (2CV)', '1988', 'minicar', '80', 0, 0, 'no');
Insert into parks (loc_ID, license_plate) values (18, 'F9EC6D8F');
Insert into vehicle (license_plate, make, model, year, vehicle_type, baseRate, odometer, fuel_used, damage) values ('D9DBDFCE', 'AMC', 'Hornet', '1969', 'compact', '75', 0, 0, 'no');
Insert into parks (loc_ID, license_plate) values (25, 'D9DBDFCE');
Insert into vehicle (license_plate, make, model, year, vehicle_type, baseRate, odometer, fuel_used, damage) values ('6229D6AB', 'Trabant', 'Trabant', '1977', 'subcompact', '77', 0, 0, 'no');
Insert into parks (loc_ID, license_plate) values (10, '6229D6AB');
Insert into vehicle (license_plate, make, model, year, vehicle_type, baseRate, odometer, fuel_used, damage) values ('3039351C', 'Toyota', 'Toyopet', '1959', 'subcompact', '84', 0, 0, 'no');
Insert into parks (loc_ID, license_plate) values (9, '3039351C');
Insert into vehicle (license_plate, make, model, year, vehicle_type, baseRate, odometer, fuel_used, damage) values ('6C60E8D3', 'VAZ', 'Wrangler', '2007', 'SUV', '80', 0, 0, 'no');
Insert into parks (loc_ID, license_plate) values (13, '6C60E8D3');
Insert into vehicle (license_plate, make, model, year, vehicle_type, baseRate, odometer, fuel_used, damage) values ('94C68F2F', 'Isuzu', 'Axiom', '2001', 'SUV', '70', 0, 0, 'no');
Insert into parks (loc_ID, license_plate) values (16, '94C68F2F');
Insert into vehicle (license_plate, make, model, year, vehicle_type, baseRate, odometer, fuel_used, damage) values ('50EA7696', 'Chevrolet', 'Leaflet', '2009', 'full size', '80', 0, 0, 'no');
Insert into parks (loc_ID, license_plate) values (11, '50EA7696');
Insert into vehicle (license_plate, make, model, year, vehicle_type, baseRate, odometer, fuel_used, damage) values ('75B9FD2E', 'Isuzu', 'Amazon', '2006', 'truck', '80', 0, 0, 'no');
Insert into parks (loc_ID, license_plate) values (23, '75B9FD2E');
Insert into vehicle (license_plate, make, model, year, vehicle_type, baseRate, odometer, fuel_used, damage) values ('3B124F8C', 'Ford', 'Pinto', '1972', 'subcompact', '82', 0, 0, 'no');
Insert into parks (loc_ID, license_plate) values (4, '3B124F8C');
Insert into vehicle (license_plate, make, model, year, vehicle_type, baseRate, odometer, fuel_used, damage) values ('3F7B71AD', 'Yugo', 'Bongo', '2010', 'compact', '80', 0, 0, 'no');
Insert into parks (loc_ID, license_plate) values (11, '3F7B71AD');
Insert into vehicle (license_plate, make, model, year, vehicle_type, baseRate, odometer, fuel_used, damage) values ('F007E727', 'Ford', 'Pinto', '1980', 'subcompact', '82', 0, 0, 'no');
Insert into parks (loc_ID, license_plate) values (15, 'F007E727');
Insert into vehicle (license_plate, make, model, year, vehicle_type, baseRate, odometer, fuel_used, damage) values ('AC6F2670', 'Citroen', 'Deux Chevaux (2CV)', '1956', 'minicar', '80', 0, 0, 'no');
Insert into parks (loc_ID, license_plate) values (5, 'AC6F2670');
Insert into vehicle (license_plate, make, model, year, vehicle_type, baseRate, odometer, fuel_used, damage) values ('E800036B', 'Isuzu', 'Axiom', '2001', 'SUV', '70', 0, 0, 'no');
Insert into parks (loc_ID, license_plate) values (20, 'E800036B');
Insert into vehicle (license_plate, make, model, year, vehicle_type, baseRate, odometer, fuel_used, damage) values ('A6709F54', 'Ford', 'Edsel', '1959', 'full size', '69', 0, 0, 'no');
Insert into parks (loc_ID, license_plate) values (20, 'A6709F54');
Insert into vehicle (license_plate, make, model, year, vehicle_type, baseRate, odometer, fuel_used, damage) values ('399366A3', 'Citroen', 'Deux Chevaux (2CV)', '1977', 'minicar', '80', 0, 0, 'no');
Insert into parks (loc_ID, license_plate) values (9, '399366A3');
Insert into vehicle (license_plate, make, model, year, vehicle_type, baseRate, odometer, fuel_used, damage) values ('1014FFB7', 'Chevrolet', 'Vega', '1974', 'compact', '75', 0, 0, 'no');
Insert into parks (loc_ID, license_plate) values (4, '1014FFB7');
Insert into vehicle (license_plate, make, model, year, vehicle_type, baseRate, odometer, fuel_used, damage) values ('EC6A125B', 'Plymouth', 'Prowler', '2000', 'sports car', '88', 0, 0, 'no');
Insert into parks (loc_ID, license_plate) values (3, 'EC6A125B');
Insert into vehicle (license_plate, make, model, year, vehicle_type, baseRate, odometer, fuel_used, damage) values ('AADCED7C', 'AMC', 'Pacer', '1978', 'compact', '70', 0, 0, 'no');
Insert into parks (loc_ID, license_plate) values (21, 'AADCED7C');
Insert into vehicle (license_plate, make, model, year, vehicle_type, baseRate, odometer, fuel_used, damage) values ('16702295', 'Citroen', 'Deux Chevaux (2CV)', '1976', 'minicar', '80', 0, 0, 'no');
Insert into parks (loc_ID, license_plate) values (16, '16702295');
Insert into vehicle (license_plate, make, model, year, vehicle_type, baseRate, odometer, fuel_used, damage) values ('04FB0D70', 'AMC', 'Hornet', '1969', 'compact', '75', 0, 0, 'no');
Insert into parks (loc_ID, license_plate) values (8, '04FB0D70');
Insert into vehicle (license_plate, make, model, year, vehicle_type, baseRate, odometer, fuel_used, damage) values ('3AFB767F', 'Chevrolet', 'Vega', '1976', 'compact', '75', 0, 0, 'no');
Insert into parks (loc_ID, license_plate) values (3, '3AFB767F');
Insert into vehicle (license_plate, make, model, year, vehicle_type, baseRate, odometer, fuel_used, damage) values ('2CC082EC', 'Plymouth', 'Prowler', '2002', 'sports car', '88', 0, 0, 'no');
Insert into parks (loc_ID, license_plate) values (20, '2CC082EC');
Insert into vehicle (license_plate, make, model, year, vehicle_type, baseRate, odometer, fuel_used, damage) values ('3138BD06', 'Chevrolet', 'Vega', '1972', 'compact', '75', 0, 0, 'no');
Insert into parks (loc_ID, license_plate) values (25, '3138BD06');
Insert into vehicle (license_plate, make, model, year, vehicle_type, baseRate, odometer, fuel_used, damage) values ('92F7B521', 'Yugo', 'Bongo', '2007', 'compact', '80', 0, 0, 'no');
Insert into parks (loc_ID, license_plate) values (14, '92F7B521');
Insert into vehicle (license_plate, make, model, year, vehicle_type, baseRate, odometer, fuel_used, damage) values ('5CFE6A07', 'Plymouth', 'Prowler', '1999', 'sports car', '88', 0, 0, 'no');
Insert into parks (loc_ID, license_plate) values (25, '5CFE6A07');
Insert into vehicle (license_plate, make, model, year, vehicle_type, baseRate, odometer, fuel_used, damage) values ('66FBC4AF', 'Plymouth', 'Prowler', '1999', 'sports car', '88', 0, 0, 'no');
Insert into parks (loc_ID, license_plate) values (4, '66FBC4AF');
Insert into vehicle (license_plate, make, model, year, vehicle_type, baseRate, odometer, fuel_used, damage) values ('C6D921F7', 'Ford', 'Edsel', '1959', 'full size', '69', 0, 0, 'no');
Insert into parks (loc_ID, license_plate) values (24, 'C6D921F7');
Insert into vehicle (license_plate, make, model, year, vehicle_type, baseRate, odometer, fuel_used, damage) values ('94EFC039', 'Volkswagen', 'Thing', '1976', 'truck', '74', 0, 0, 'no');
Insert into parks (loc_ID, license_plate) values (19, '94EFC039');
Insert into vehicle (license_plate, make, model, year, vehicle_type, baseRate, odometer, fuel_used, damage) values ('A1420E54', 'AMC', 'Gremlin', '1972', 'subcompact', '65', 0, 0, 'no');
Insert into parks (loc_ID, license_plate) values (14, 'A1420E54');
Insert into vehicle (license_plate, make, model, year, vehicle_type, baseRate, odometer, fuel_used, damage) values ('D9B9BF4A', 'Plymouth', 'Prowler', '2001', 'sports car', '88', 0, 0, 'no');
Insert into parks (loc_ID, license_plate) values (23, 'D9B9BF4A');
Insert into vehicle (license_plate, make, model, year, vehicle_type, baseRate, odometer, fuel_used, damage) values ('524F1F2C', 'Ford', 'Edsel', '1958', 'full size', '69', 0, 0, 'no');
Insert into parks (loc_ID, license_plate) values (15, '524F1F2C');
Insert into vehicle (license_plate, make, model, year, vehicle_type, baseRate, odometer, fuel_used, damage) values ('3DFC1CFF', 'Chevrolet', 'Vega', '1972', 'compact', '75', 0, 0, 'no');
Insert into parks (loc_ID, license_plate) values (6, '3DFC1CFF');
Insert into vehicle (license_plate, make, model, year, vehicle_type, baseRate, odometer, fuel_used, damage) values ('7B799BFA', 'Ford', 'Pinto', '1979', 'subcompact', '82', 0, 0, 'no');
Insert into parks (loc_ID, license_plate) values (13, '7B799BFA');
Insert into vehicle (license_plate, make, model, year, vehicle_type, baseRate, odometer, fuel_used, damage) values ('A9B78785', 'Isuzu', 'Amazon', '2007', 'truck', '80', 0, 0, 'no');
Insert into parks (loc_ID, license_plate) values (7, 'A9B78785');
Insert into vehicle (license_plate, make, model, year, vehicle_type, baseRate, odometer, fuel_used, damage) values ('0670866A', 'Ford', 'Pinto', '1977', 'subcompact', '82', 0, 0, 'no');
Insert into parks (loc_ID, license_plate) values (13, '0670866A');
Insert into vehicle (license_plate, make, model, year, vehicle_type, baseRate, odometer, fuel_used, damage) values ('305D2EDE', 'Chevrolet', 'Leaflet', '2011', 'full size', '80', 0, 0, 'no');
Insert into parks (loc_ID, license_plate) values (20, '305D2EDE');
Insert into vehicle (license_plate, make, model, year, vehicle_type, baseRate, odometer, fuel_used, damage) values ('E3BB77F3', 'AMC', 'Pacer', '1976', 'compact', '70', 0, 0, 'no');
Insert into parks (loc_ID, license_plate) values (22, 'E3BB77F3');
Insert into vehicle (license_plate, make, model, year, vehicle_type, baseRate, odometer, fuel_used, damage) values ('639D839D', 'Yugo', 'Bongo', '2008', 'compact', '80', 0, 0, 'no');
Insert into parks (loc_ID, license_plate) values (7, '639D839D');
Insert into vehicle (license_plate, make, model, year, vehicle_type, baseRate, odometer, fuel_used, damage) values ('95F518C7', 'Ford', 'Pinto', '1980', 'subcompact', '82', 0, 0, 'no');
Insert into parks (loc_ID, license_plate) values (6, '95F518C7');
Insert into vehicle (license_plate, make, model, year, vehicle_type, baseRate, odometer, fuel_used, damage) values ('40EE00FF', 'AMC', 'Hornet', '1969', 'compact', '75', 0, 0, 'no');
Insert into parks (loc_ID, license_plate) values (7, '40EE00FF');
Insert into vehicle (license_plate, make, model, year, vehicle_type, baseRate, odometer, fuel_used, damage) values ('FD510777', 'Chevrolet', 'Leaflet', '2007', 'full size', '80', 0, 0, 'no');
Insert into parks (loc_ID, license_plate) values (10, 'FD510777');
Insert into vehicle (license_plate, make, model, year, vehicle_type, baseRate, odometer, fuel_used, damage) values ('9D614A69', 'Toyota', 'Toyopet', '1959', 'subcompact', '84', 0, 0, 'no');
Insert into parks (loc_ID, license_plate) values (24, '9D614A69');
Insert into vehicle (license_plate, make, model, year, vehicle_type, baseRate, odometer, fuel_used, damage) values ('7F311B3D', 'Toyota', 'Toyopet', '1960', 'subcompact', '84', 0, 0, 'no');
Insert into parks (loc_ID, license_plate) values (25, '7F311B3D');
Insert into vehicle (license_plate, make, model, year, vehicle_type, baseRate, odometer, fuel_used, damage) values ('2757F484', 'VAZ', 'Wrangler', '2006', 'SUV', '80', 0, 0, 'no');
Insert into parks (loc_ID, license_plate) values (17, '2757F484');
Insert into vehicle (license_plate, make, model, year, vehicle_type, baseRate, odometer, fuel_used, damage) values ('2C63DFCF', 'Isuzu', 'Axiom', '2001', 'SUV', '70', 0, 0, 'no');
Insert into parks (loc_ID, license_plate) values (8, '2C63DFCF');
Insert into vehicle (license_plate, make, model, year, vehicle_type, baseRate, odometer, fuel_used, damage) values ('B743225E', 'VAZ', 'Lada', '1987', 'compact', '79', 0, 0, 'no');
Insert into parks (loc_ID, license_plate) values (13, 'B743225E');
Insert into vehicle (license_plate, make, model, year, vehicle_type, baseRate, odometer, fuel_used, damage) values ('6BFFB606', 'VAZ', 'Wrangler', '2011', 'SUV', '80', 0, 0, 'no');
Insert into parks (loc_ID, license_plate) values (3, '6BFFB606');
Insert into vehicle (license_plate, make, model, year, vehicle_type, baseRate, odometer, fuel_used, damage) values ('CE694397', 'Yugo', 'Bongo', '2007', 'compact', '80', 0, 0, 'no');
Insert into parks (loc_ID, license_plate) values (7, 'CE694397');
Insert into vehicle (license_plate, make, model, year, vehicle_type, baseRate, odometer, fuel_used, damage) values ('88FDD036', 'Citroen', 'Deux Chevaux (2CV)', '1954', 'minicar', '80', 0, 0, 'no');
Insert into parks (loc_ID, license_plate) values (25, '88FDD036');
Insert into vehicle (license_plate, make, model, year, vehicle_type, baseRate, odometer, fuel_used, damage) values ('4EE74BC8', 'Toyota', 'Toyopet', '1961', 'subcompact', '84', 0, 0, 'no');
Insert into parks (loc_ID, license_plate) values (21, '4EE74BC8');
Insert into vehicle (license_plate, make, model, year, vehicle_type, baseRate, odometer, fuel_used, damage) values ('65D149E6', 'Plymouth', 'Prowler', '1999', 'sports car', '88', 0, 0, 'no');
Insert into parks (loc_ID, license_plate) values (20, '65D149E6');
Insert into vehicle (license_plate, make, model, year, vehicle_type, baseRate, odometer, fuel_used, damage) values ('A6F82FC0', 'AMC', 'Pacer', '1979', 'compact', '70', 0, 0, 'no');
Insert into parks (loc_ID, license_plate) values (23, 'A6F82FC0');
Insert into vehicle (license_plate, make, model, year, vehicle_type, baseRate, odometer, fuel_used, damage) values ('AB7B8F5A', 'VAZ', 'Wrangler', '2008', 'SUV', '80', 0, 0, 'no');
Insert into parks (loc_ID, license_plate) values (4, 'AB7B8F5A');
Insert into vehicle (license_plate, make, model, year, vehicle_type, baseRate, odometer, fuel_used, damage) values ('BFB6CA3E', 'Yugo', 'Yugo', '2008', 'subcompact', '64', 0, 0, 'no');
Insert into parks (loc_ID, license_plate) values (16, 'BFB6CA3E');
Insert into vehicle (license_plate, make, model, year, vehicle_type, baseRate, odometer, fuel_used, damage) values ('903F2229', 'Plymouth', 'Prowler', '2002', 'sports car', '88', 0, 0, 'no');
Insert into parks (loc_ID, license_plate) values (24, '903F2229');
Insert into vehicle (license_plate, make, model, year, vehicle_type, baseRate, odometer, fuel_used, damage) values ('ABB9086A', 'VAZ', 'Lada', '1988', 'compact', '79', 0, 0, 'no');
Insert into parks (loc_ID, license_plate) values (12, 'ABB9086A');
Insert into vehicle (license_plate, make, model, year, vehicle_type, baseRate, odometer, fuel_used, damage) values ('352ECF49', 'AMC', 'Pacer', '1978', 'compact', '70', 0, 0, 'no');
Insert into parks (loc_ID, license_plate) values (3, '352ECF49');
Insert into vehicle (license_plate, make, model, year, vehicle_type, baseRate, odometer, fuel_used, damage) values ('EC30D060', 'Citroen', 'Deux Chevaux (2CV)', '1953', 'minicar', '80', 0, 0, 'no');
Insert into parks (loc_ID, license_plate) values (11, 'EC30D060');
Insert into vehicle (license_plate, make, model, year, vehicle_type, baseRate, odometer, fuel_used, damage) values ('9967409D', 'AMC', 'Gremlin', '1976', 'subcompact', '65', 0, 0, 'no');
Insert into parks (loc_ID, license_plate) values (3, '9967409D');
Insert into vehicle (license_plate, make, model, year, vehicle_type, baseRate, odometer, fuel_used, damage) values ('120A7812', 'Yugo', 'Bongo', '2010', 'compact', '80', 0, 0, 'no');
Insert into parks (loc_ID, license_plate) values (23, '120A7812');
Insert into vehicle (license_plate, make, model, year, vehicle_type, baseRate, odometer, fuel_used, damage) values ('93010491', 'Yugo', 'Bongo', '2008', 'compact', '80', 0, 0, 'no');
Insert into parks (loc_ID, license_plate) values (15, '93010491');
Insert into vehicle (license_plate, make, model, year, vehicle_type, baseRate, odometer, fuel_used, damage) values ('08FEA522', 'VAZ', 'Wrangler', '2006', 'SUV', '80', 0, 0, 'no');
Insert into parks (loc_ID, license_plate) values (11, '08FEA522');
Insert into vehicle (license_plate, make, model, year, vehicle_type, baseRate, odometer, fuel_used, damage) values ('4B596D82', 'Citroen', 'Deux Chevaux (2CV)', '1983', 'minicar', '80', 0, 0, 'no');
Insert into parks (loc_ID, license_plate) values (7, '4B596D82');
Insert into vehicle (license_plate, make, model, year, vehicle_type, baseRate, odometer, fuel_used, damage) values ('27D017C5', 'AMC', 'Gremlin', '1971', 'subcompact', '65', 0, 0, 'no');
Insert into parks (loc_ID, license_plate) values (18, '27D017C5');
Insert into vehicle (license_plate, make, model, year, vehicle_type, baseRate, odometer, fuel_used, damage) values ('858F1195', 'AMC', 'Gremlin', '1974', 'subcompact', '65', 0, 0, 'no');
Insert into parks (loc_ID, license_plate) values (18, '858F1195');
Insert into vehicle (license_plate, make, model, year, vehicle_type, baseRate, odometer, fuel_used, damage) values ('636109BD', 'Volkswagen', 'Thing', '1971', 'truck', '74', 0, 0, 'no');
Insert into parks (loc_ID, license_plate) values (6, '636109BD');
Insert into vehicle (license_plate, make, model, year, vehicle_type, baseRate, odometer, fuel_used, damage) values ('264CAF49', 'Volkswagen', 'Thing', '1979', 'truck', '74', 0, 0, 'no');
Insert into parks (loc_ID, license_plate) values (25, '264CAF49');
Insert into vehicle (license_plate, make, model, year, vehicle_type, baseRate, odometer, fuel_used, damage) values ('00D4E6BE', 'VAZ', 'Wrangler', '2007', 'SUV', '80', 0, 0, 'no');
Insert into parks (loc_ID, license_plate) values (21, '00D4E6BE');
Insert into vehicle (license_plate, make, model, year, vehicle_type, baseRate, odometer, fuel_used, damage) values ('536D4329', 'AMC', 'Pacer', '1976', 'compact', '70', 0, 0, 'no');
Insert into parks (loc_ID, license_plate) values (10, '536D4329');
Insert into vehicle (license_plate, make, model, year, vehicle_type, baseRate, odometer, fuel_used, damage) values ('EF982FE6', 'Isuzu', 'Amazon', '2006', 'truck', '80', 0, 0, 'no');
Insert into parks (loc_ID, license_plate) values (20, 'EF982FE6');
Insert into vehicle (license_plate, make, model, year, vehicle_type, baseRate, odometer, fuel_used, damage) values ('52AC9CB0', 'Chevrolet', 'Leaflet', '2006', 'full size', '80', 0, 0, 'no');
Insert into parks (loc_ID, license_plate) values (13, '52AC9CB0');
Insert into vehicle (license_plate, make, model, year, vehicle_type, baseRate, odometer, fuel_used, damage) values ('C44034AC', 'Trabant', 'Trabant', '1965', 'subcompact', '77', 0, 0, 'no');
Insert into parks (loc_ID, license_plate) values (1, 'C44034AC');
Insert into vehicle (license_plate, make, model, year, vehicle_type, baseRate, odometer, fuel_used, damage) values ('09F3473C', 'Citroen', 'Deux Chevaux (2CV)', '1959', 'minicar', '80', 0, 0, 'no');
Insert into parks (loc_ID, license_plate) values (7, '09F3473C');
Insert into vehicle (license_plate, make, model, year, vehicle_type, baseRate, odometer, fuel_used, damage) values ('9BE38ACF', 'Volkswagen', 'Thing', '1976', 'truck', '74', 0, 0, 'no');
Insert into parks (loc_ID, license_plate) values (17, '9BE38ACF');
Insert into vehicle (license_plate, make, model, year, vehicle_type, baseRate, odometer, fuel_used, damage) values ('AE669D4D', 'Isuzu', 'Amazon', '2010', 'truck', '80', 0, 0, 'no');
Insert into parks (loc_ID, license_plate) values (7, 'AE669D4D');
Insert into vehicle (license_plate, make, model, year, vehicle_type, baseRate, odometer, fuel_used, damage) values ('6C07D9F0', 'Volkswagen', 'Thing', '1976', 'truck', '74', 0, 0, 'no');
Insert into parks (loc_ID, license_plate) values (25, '6C07D9F0');
Insert into vehicle (license_plate, make, model, year, vehicle_type, baseRate, odometer, fuel_used, damage) values ('5613CD2D', 'Chevrolet', 'Leaflet', '2011', 'full size', '80', 0, 0, 'no');
Insert into parks (loc_ID, license_plate) values (11, '5613CD2D');
Insert into vehicle (license_plate, make, model, year, vehicle_type, baseRate, odometer, fuel_used, damage) values ('BE95844D', 'VAZ', 'Wrangler', '2011', 'SUV', '80', 0, 0, 'no');
Insert into parks (loc_ID, license_plate) values (8, 'BE95844D');
Insert into vehicle (license_plate, make, model, year, vehicle_type, baseRate, odometer, fuel_used, damage) values ('F772BE8F', 'VAZ', 'Wrangler', '2008', 'SUV', '80', 0, 0, 'no');
Insert into parks (loc_ID, license_plate) values (10, 'F772BE8F');
Insert into vehicle (license_plate, make, model, year, vehicle_type, baseRate, odometer, fuel_used, damage) values ('941A40E3', 'Trabant', 'Trabant', '1974', 'subcompact', '77', 0, 0, 'no');
Insert into parks (loc_ID, license_plate) values (21, '941A40E3');
Insert into vehicle (license_plate, make, model, year, vehicle_type, baseRate, odometer, fuel_used, damage) values ('EA3103F9', 'Chevrolet', 'Vega', '1974', 'compact', '75', 0, 0, 'no');
Insert into parks (loc_ID, license_plate) values (5, 'EA3103F9');
Insert into vehicle (license_plate, make, model, year, vehicle_type, baseRate, odometer, fuel_used, damage) values ('BC8FF364', 'VAZ', 'Lada', '1973', 'compact', '79', 0, 0, 'no');
Insert into parks (loc_ID, license_plate) values (10, 'BC8FF364');
Insert into vehicle (license_plate, make, model, year, vehicle_type, baseRate, odometer, fuel_used, damage) values ('836BAAEA', 'Toyota', 'Toyopet', '1960', 'subcompact', '84', 0, 0, 'no');
Insert into parks (loc_ID, license_plate) values (7, '836BAAEA');
Insert into vehicle (license_plate, make, model, year, vehicle_type, baseRate, odometer, fuel_used, damage) values ('D2788EB7', 'Isuzu', 'Axiom', '2001', 'SUV', '70', 0, 0, 'no');
Insert into parks (loc_ID, license_plate) values (22, 'D2788EB7');
Insert into vehicle (license_plate, make, model, year, vehicle_type, baseRate, odometer, fuel_used, damage) values ('7C45404D', 'VAZ', 'Wrangler', '2008', 'SUV', '80', 0, 0, 'no');
Insert into parks (loc_ID, license_plate) values (8, '7C45404D');
Insert into vehicle (license_plate, make, model, year, vehicle_type, baseRate, odometer, fuel_used, damage) values ('C38A4ACF', 'Chevrolet', 'Leaflet', '2008', 'full size', '80', 0, 0, 'no');
Insert into parks (loc_ID, license_plate) values (22, 'C38A4ACF');
Insert into vehicle (license_plate, make, model, year, vehicle_type, baseRate, odometer, fuel_used, damage) values ('211E5F1C', 'Plymouth', 'Prowler', '1999', 'sports car', '88', 0, 0, 'no');
Insert into parks (loc_ID, license_plate) values (24, '211E5F1C');
Insert into vehicle (license_plate, make, model, year, vehicle_type, baseRate, odometer, fuel_used, damage) values ('4AABA48D', 'Trabant', 'Trabant', '1987', 'subcompact', '77', 0, 0, 'no');
Insert into parks (loc_ID, license_plate) values (16, '4AABA48D');
Insert into vehicle (license_plate, make, model, year, vehicle_type, baseRate, odometer, fuel_used, damage) values ('9E245D23', 'Volkswagen', 'Thing', '1975', 'truck', '74', 0, 0, 'no');
Insert into parks (loc_ID, license_plate) values (10, '9E245D23');
Insert into vehicle (license_plate, make, model, year, vehicle_type, baseRate, odometer, fuel_used, damage) values ('7180D5B5', 'Volkswagen', 'Thing', '1979', 'truck', '74', 0, 0, 'no');
Insert into parks (loc_ID, license_plate) values (13, '7180D5B5');
Insert into vehicle (license_plate, make, model, year, vehicle_type, baseRate, odometer, fuel_used, damage) values ('369A769D', 'Chevrolet', 'Leaflet', '2007', 'full size', '80', 0, 0, 'no');
Insert into parks (loc_ID, license_plate) values (9, '369A769D');
Insert into vehicle (license_plate, make, model, year, vehicle_type, baseRate, odometer, fuel_used, damage) values ('D4A35153', 'AMC', 'Gremlin', '1977', 'subcompact', '65', 0, 0, 'no');
Insert into parks (loc_ID, license_plate) values (25, 'D4A35153');
Insert into vehicle (license_plate, make, model, year, vehicle_type, baseRate, odometer, fuel_used, damage) values ('8B04D0D5', 'Ford', 'Edsel', '1958', 'full size', '69', 0, 0, 'no');
Insert into parks (loc_ID, license_plate) values (19, '8B04D0D5');
Insert into vehicle (license_plate, make, model, year, vehicle_type, baseRate, odometer, fuel_used, damage) values ('639CF5C3', 'Trabant', 'Trabant', '1987', 'subcompact', '77', 0, 0, 'no');
Insert into parks (loc_ID, license_plate) values (22, '639CF5C3');
Insert into vehicle (license_plate, make, model, year, vehicle_type, baseRate, odometer, fuel_used, damage) values ('DE71DFF7', 'AMC', 'Hornet', '1970', 'compact', '75', 0, 0, 'no');
Insert into parks (loc_ID, license_plate) values (13, 'DE71DFF7');
Insert into vehicle (license_plate, make, model, year, vehicle_type, baseRate, odometer, fuel_used, damage) values ('B081D8BE', 'Pontiac', 'Aztek', '2005', 'minivan', '66', 0, 0, 'no');
Insert into parks (loc_ID, license_plate) values (2, 'B081D8BE');
Insert into vehicle (license_plate, make, model, year, vehicle_type, baseRate, odometer, fuel_used, damage) values ('22EB9273', 'Volkswagen', 'Thing', '1979', 'truck', '74', 0, 0, 'no');
Insert into parks (loc_ID, license_plate) values (11, '22EB9273');
Insert into vehicle (license_plate, make, model, year, vehicle_type, baseRate, odometer, fuel_used, damage) values ('17320434', 'Plymouth', 'Prowler', '1999', 'sports car', '88', 0, 0, 'no');
Insert into parks (loc_ID, license_plate) values (5, '17320434');
Insert into vehicle (license_plate, make, model, year, vehicle_type, baseRate, odometer, fuel_used, damage) values ('B721A736', 'Volkswagen', 'Thing', '1978', 'truck', '74', 0, 0, 'no');
Insert into parks (loc_ID, license_plate) values (1, 'B721A736');
Insert into vehicle (license_plate, make, model, year, vehicle_type, baseRate, odometer, fuel_used, damage) values ('565B9950', 'Chevrolet', 'Vega', '1976', 'compact', '75', 0, 0, 'no');
Insert into parks (loc_ID, license_plate) values (9, '565B9950');
Insert into vehicle (license_plate, make, model, year, vehicle_type, baseRate, odometer, fuel_used, damage) values ('D7763ECB', 'Chevrolet', 'Vega', '1971', 'compact', '75', 0, 0, 'no');
Insert into parks (loc_ID, license_plate) values (5, 'D7763ECB');
Insert into vehicle (license_plate, make, model, year, vehicle_type, baseRate, odometer, fuel_used, damage) values ('E0C1EAF6', 'VAZ', 'Wrangler', '2006', 'SUV', '80', 0, 0, 'no');
Insert into parks (loc_ID, license_plate) values (12, 'E0C1EAF6');
Insert into vehicle (license_plate, make, model, year, vehicle_type, baseRate, odometer, fuel_used, damage) values ('0AE69093', 'Toyota', 'Toyopet', '1960', 'subcompact', '84', 0, 0, 'no');
Insert into parks (loc_ID, license_plate) values (1, '0AE69093');
Insert into vehicle (license_plate, make, model, year, vehicle_type, baseRate, odometer, fuel_used, damage) values ('7C1C314C', 'Plymouth', 'Prowler', '2002', 'sports car', '88', 0, 0, 'no');
Insert into parks (loc_ID, license_plate) values (6, '7C1C314C');
Insert into vehicle (license_plate, make, model, year, vehicle_type, baseRate, odometer, fuel_used, damage) values ('72562B66', 'VAZ', 'Wrangler', '2009', 'SUV', '80', 0, 0, 'no');
Insert into parks (loc_ID, license_plate) values (7, '72562B66');
Insert into vehicle (license_plate, make, model, year, vehicle_type, baseRate, odometer, fuel_used, damage) values ('947C8221', 'Volkswagen', 'Thing', '1973', 'truck', '74', 0, 0, 'no');
Insert into parks (loc_ID, license_plate) values (16, '947C8221');
Insert into vehicle (license_plate, make, model, year, vehicle_type, baseRate, odometer, fuel_used, damage) values ('FD2DE1E5', 'Isuzu', 'Axiom', '2001', 'SUV', '70', 0, 0, 'no');
Insert into parks (loc_ID, license_plate) values (23, 'FD2DE1E5');
Insert into vehicle (license_plate, make, model, year, vehicle_type, baseRate, odometer, fuel_used, damage) values ('AFC32714', 'Ford', 'Edsel', '1958', 'full size', '69', 0, 0, 'no');
Insert into parks (loc_ID, license_plate) values (15, 'AFC32714');
Insert into vehicle (license_plate, make, model, year, vehicle_type, baseRate, odometer, fuel_used, damage) values ('14C8CF6A', 'VAZ', 'Lada', '1983', 'compact', '79', 0, 0, 'no');
Insert into parks (loc_ID, license_plate) values (25, '14C8CF6A');
Insert into vehicle (license_plate, make, model, year, vehicle_type, baseRate, odometer, fuel_used, damage) values ('5710F1D1', 'Chevrolet', 'Leaflet', '2008', 'full size', '80', 0, 0, 'no');
Insert into parks (loc_ID, license_plate) values (19, '5710F1D1');
Insert into vehicle (license_plate, make, model, year, vehicle_type, baseRate, odometer, fuel_used, damage) values ('68841328', 'AMC', 'Hornet', '1970', 'compact', '75', 0, 0, 'no');
Insert into parks (loc_ID, license_plate) values (1, '68841328');
Insert into vehicle (license_plate, make, model, year, vehicle_type, baseRate, odometer, fuel_used, damage) values ('D990EF01', 'Toyota', 'Toyopet', '1960', 'subcompact', '84', 0, 0, 'no');
Insert into parks (loc_ID, license_plate) values (9, 'D990EF01');
Insert into vehicle (license_plate, make, model, year, vehicle_type, baseRate, odometer, fuel_used, damage) values ('909ACBF1', 'AMC', 'Pacer', '1975', 'compact', '70', 0, 0, 'no');
Insert into parks (loc_ID, license_plate) values (23, '909ACBF1');
Insert into vehicle (license_plate, make, model, year, vehicle_type, baseRate, odometer, fuel_used, damage) values ('C1B4B5AD', 'Pontiac', 'Aztek', '2005', 'minivan', '66', 0, 0, 'no');
Insert into parks (loc_ID, license_plate) values (1, 'C1B4B5AD');
Insert into vehicle (license_plate, make, model, year, vehicle_type, baseRate, odometer, fuel_used, damage) values ('7F671737', 'Yugo', 'Bongo', '2010', 'compact', '80', 0, 0, 'no');
Insert into parks (loc_ID, license_plate) values (24, '7F671737');
Insert into vehicle (license_plate, make, model, year, vehicle_type, baseRate, odometer, fuel_used, damage) values ('C4076C93', 'Pontiac', 'Aztek', '2003', 'minivan', '66', 0, 0, 'no');
Insert into parks (loc_ID, license_plate) values (9, 'C4076C93');
Insert into vehicle (license_plate, make, model, year, vehicle_type, baseRate, odometer, fuel_used, damage) values ('03117B87', 'Trabant', 'Trabant', '1968', 'subcompact', '77', 0, 0, 'no');
Insert into parks (loc_ID, license_plate) values (5, '03117B87');
Insert into vehicle (license_plate, make, model, year, vehicle_type, baseRate, odometer, fuel_used, damage) values ('62154793', 'Isuzu', 'Axiom', '2001', 'SUV', '70', 0, 0, 'no');
Insert into parks (loc_ID, license_plate) values (23, '62154793');
Insert into vehicle (license_plate, make, model, year, vehicle_type, baseRate, odometer, fuel_used, damage) values ('2F50C6D8', 'VAZ', 'Lada', '1973', 'compact', '79', 0, 0, 'no');
Insert into parks (loc_ID, license_plate) values (15, '2F50C6D8');
Insert into vehicle (license_plate, make, model, year, vehicle_type, baseRate, odometer, fuel_used, damage) values ('23D3CBBF', 'Ford', 'Edsel', '1959', 'full size', '69', 0, 0, 'no');
Insert into parks (loc_ID, license_plate) values (20, '23D3CBBF');
Insert into vehicle (license_plate, make, model, year, vehicle_type, baseRate, odometer, fuel_used, damage) values ('A07E073D', 'VAZ', 'Lada', '1977', 'compact', '79', 0, 0, 'no');
Insert into parks (loc_ID, license_plate) values (24, 'A07E073D');
Insert into vehicle (license_plate, make, model, year, vehicle_type, baseRate, odometer, fuel_used, damage) values ('C938C791', 'Citroen', 'Deux Chevaux (2CV)', '1974', 'minicar', '80', 0, 0, 'no');
Insert into parks (loc_ID, license_plate) values (12, 'C938C791');
Insert into vehicle (license_plate, make, model, year, vehicle_type, baseRate, odometer, fuel_used, damage) values ('934D1160', 'Volkswagen', 'Thing', '1978', 'truck', '74', 0, 0, 'no');
Insert into parks (loc_ID, license_plate) values (22, '934D1160');
Insert into vehicle (license_plate, make, model, year, vehicle_type, baseRate, odometer, fuel_used, damage) values ('B6E413CF', 'Yugo', 'Bongo', '2006', 'compact', '80', 0, 0, 'no');
Insert into parks (loc_ID, license_plate) values (9, 'B6E413CF');
Insert into vehicle (license_plate, make, model, year, vehicle_type, baseRate, odometer, fuel_used, damage) values ('E315EA5E', 'Plymouth', 'Prowler', '1999', 'sports car', '88', 0, 0, 'no');
Insert into parks (loc_ID, license_plate) values (1, 'E315EA5E');
Insert into vehicle (license_plate, make, model, year, vehicle_type, baseRate, odometer, fuel_used, damage) values ('A3974819', 'Trabant', 'Trabant', '1971', 'subcompact', '77', 0, 0, 'no');
Insert into parks (loc_ID, license_plate) values (20, 'A3974819');
Insert into vehicle (license_plate, make, model, year, vehicle_type, baseRate, odometer, fuel_used, damage) values ('18533AD7', 'Citroen', 'Deux Chevaux (2CV)', '1975', 'minicar', '80', 0, 0, 'no');
Insert into parks (loc_ID, license_plate) values (17, '18533AD7');
Insert into vehicle (license_plate, make, model, year, vehicle_type, baseRate, odometer, fuel_used, damage) values ('A121EADD', 'Chevrolet', 'Leaflet', '2010', 'full size', '80', 0, 0, 'no');
Insert into parks (loc_ID, license_plate) values (8, 'A121EADD');
Insert into vehicle (license_plate, make, model, year, vehicle_type, baseRate, odometer, fuel_used, damage) values ('E7FF988E', 'Pontiac', 'Aztek', '2005', 'minivan', '66', 0, 0, 'no');
Insert into parks (loc_ID, license_plate) values (22, 'E7FF988E');
Insert into vehicle (license_plate, make, model, year, vehicle_type, baseRate, odometer, fuel_used, damage) values ('7DA96E76', 'Trabant', 'Trabant', '1981', 'subcompact', '77', 0, 0, 'no');
Insert into parks (loc_ID, license_plate) values (23, '7DA96E76');
Insert into vehicle (license_plate, make, model, year, vehicle_type, baseRate, odometer, fuel_used, damage) values ('D0B670CA', 'AMC', 'Gremlin', '1973', 'subcompact', '65', 0, 0, 'no');
Insert into parks (loc_ID, license_plate) values (19, 'D0B670CA');
Insert into vehicle (license_plate, make, model, year, vehicle_type, baseRate, odometer, fuel_used, damage) values ('C11C9E60', 'AMC', 'Pacer', '1975', 'compact', '70', 0, 0, 'no');
Insert into parks (loc_ID, license_plate) values (4, 'C11C9E60');
Insert into vehicle (license_plate, make, model, year, vehicle_type, baseRate, odometer, fuel_used, damage) values ('98DE7ADF', 'Yugo', 'Bongo', '2006', 'compact', '80', 0, 0, 'no');
Insert into parks (loc_ID, license_plate) values (11, '98DE7ADF');
Insert into vehicle (license_plate, make, model, year, vehicle_type, baseRate, odometer, fuel_used, damage) values ('ABE29480', 'Pontiac', 'Aztek', '2001', 'minivan', '66', 0, 0, 'no');
Insert into parks (loc_ID, license_plate) values (20, 'ABE29480');
Insert into vehicle (license_plate, make, model, year, vehicle_type, baseRate, odometer, fuel_used, damage) values ('5C0701C4', 'Chevrolet', 'Leaflet', '2011', 'full size', '80', 0, 0, 'no');
Insert into parks (loc_ID, license_plate) values (12, '5C0701C4');
Insert into vehicle (license_plate, make, model, year, vehicle_type, baseRate, odometer, fuel_used, damage) values ('0A5387FE', 'VAZ', 'Lada', '1979', 'compact', '79', 0, 0, 'no');
Insert into parks (loc_ID, license_plate) values (8, '0A5387FE');
Insert into vehicle (license_plate, make, model, year, vehicle_type, baseRate, odometer, fuel_used, damage) values ('C80A4430', 'Trabant', 'Trabant', '1976', 'subcompact', '77', 0, 0, 'no');
Insert into parks (loc_ID, license_plate) values (20, 'C80A4430');
Insert into vehicle (license_plate, make, model, year, vehicle_type, baseRate, odometer, fuel_used, damage) values ('5B10311C', 'Chevrolet', 'Vega', '1972', 'compact', '75', 0, 0, 'no');
Insert into parks (loc_ID, license_plate) values (22, '5B10311C');
Insert into vehicle (license_plate, make, model, year, vehicle_type, baseRate, odometer, fuel_used, damage) values ('B0B6B1C9', 'Yugo', 'Bongo', '2007', 'compact', '80', 0, 0, 'no');
Insert into parks (loc_ID, license_plate) values (2, 'B0B6B1C9');
Insert into vehicle (license_plate, make, model, year, vehicle_type, baseRate, odometer, fuel_used, damage) values ('69A7C58E', 'Toyota', 'Toyopet', '1960', 'subcompact', '84', 0, 0, 'no');
Insert into parks (loc_ID, license_plate) values (19, '69A7C58E');
Insert into vehicle (license_plate, make, model, year, vehicle_type, baseRate, odometer, fuel_used, damage) values ('6C261EB8', 'Isuzu', 'Amazon', '2011', 'truck', '80', 0, 0, 'no');
Insert into parks (loc_ID, license_plate) values (10, '6C261EB8');
Insert into vehicle (license_plate, make, model, year, vehicle_type, baseRate, odometer, fuel_used, damage) values ('6FE6FA9D', 'AMC', 'Pacer', '1977', 'compact', '70', 0, 0, 'no');
Insert into parks (loc_ID, license_plate) values (9, '6FE6FA9D');
Insert into vehicle (license_plate, make, model, year, vehicle_type, baseRate, odometer, fuel_used, damage) values ('DB9C54A1', 'Plymouth', 'Prowler', '2000', 'sports car', '88', 0, 0, 'no');
Insert into parks (loc_ID, license_plate) values (12, 'DB9C54A1');
Insert into vehicle (license_plate, make, model, year, vehicle_type, baseRate, odometer, fuel_used, damage) values ('71D835C3', 'Trabant', 'Trabant', '1969', 'subcompact', '77', 0, 0, 'no');
Insert into parks (loc_ID, license_plate) values (14, '71D835C3');
Insert into vehicle (license_plate, make, model, year, vehicle_type, baseRate, odometer, fuel_used, damage) values ('E2620669', 'Yugo', 'Yugo', '2007', 'subcompact', '64', 0, 0, 'no');
Insert into parks (loc_ID, license_plate) values (24, 'E2620669');
Insert into vehicle (license_plate, make, model, year, vehicle_type, baseRate, odometer, fuel_used, damage) values ('94A48AFD', 'Toyota', 'Toyopet', '1960', 'subcompact', '84', 0, 0, 'no');
Insert into parks (loc_ID, license_plate) values (20, '94A48AFD');
Insert into vehicle (license_plate, make, model, year, vehicle_type, baseRate, odometer, fuel_used, damage) values ('B09D76CA', 'Plymouth', 'Prowler', '2002', 'sports car', '88', 0, 0, 'no');
Insert into parks (loc_ID, license_plate) values (24, 'B09D76CA');
Insert into vehicle (license_plate, make, model, year, vehicle_type, baseRate, odometer, fuel_used, damage) values ('71BC3995', 'Yugo', 'Bongo', '2007', 'compact', '80', 0, 0, 'no');
Insert into parks (loc_ID, license_plate) values (14, '71BC3995');
Insert into vehicle (license_plate, make, model, year, vehicle_type, baseRate, odometer, fuel_used, damage) values ('A2D1067A', 'AMC', 'Hornet', '1969', 'compact', '75', 0, 0, 'no');
Insert into parks (loc_ID, license_plate) values (4, 'A2D1067A');
Insert into vehicle (license_plate, make, model, year, vehicle_type, baseRate, odometer, fuel_used, damage) values ('23986E54', 'Citroen', 'Deux Chevaux (2CV)', '1973', 'minicar', '80', 0, 0, 'no');
Insert into parks (loc_ID, license_plate) values (22, '23986E54');
Insert into vehicle (license_plate, make, model, year, vehicle_type, baseRate, odometer, fuel_used, damage) values ('49CAF15A', 'Plymouth', 'Prowler', '1999', 'sports car', '88', 0, 0, 'no');
Insert into parks (loc_ID, license_plate) values (20, '49CAF15A');
Insert into vehicle (license_plate, make, model, year, vehicle_type, baseRate, odometer, fuel_used, damage) values ('37743216', 'Chevrolet', 'Leaflet', '2008', 'full size', '80', 0, 0, 'no');
Insert into parks (loc_ID, license_plate) values (12, '37743216');
Insert into vehicle (license_plate, make, model, year, vehicle_type, baseRate, odometer, fuel_used, damage) values ('DD0542C7', 'Isuzu', 'Axiom', '2001', 'SUV', '70', 0, 0, 'no');
Insert into parks (loc_ID, license_plate) values (24, 'DD0542C7');
Insert into vehicle (license_plate, make, model, year, vehicle_type, baseRate, odometer, fuel_used, damage) values ('6C27A497', 'VAZ', 'Lada', '1975', 'compact', '79', 0, 0, 'no');
Insert into parks (loc_ID, license_plate) values (11, '6C27A497');
Insert into vehicle (license_plate, make, model, year, vehicle_type, baseRate, odometer, fuel_used, damage) values ('B2E9F730', 'Yugo', 'Bongo', '2011', 'compact', '80', 0, 0, 'no');
Insert into parks (loc_ID, license_plate) values (8, 'B2E9F730');
Insert into vehicle (license_plate, make, model, year, vehicle_type, baseRate, odometer, fuel_used, damage) values ('27491593', 'Ford', 'Pinto', '1977', 'subcompact', '82', 0, 0, 'no');
Insert into parks (loc_ID, license_plate) values (13, '27491593');
Insert into vehicle (license_plate, make, model, year, vehicle_type, baseRate, odometer, fuel_used, damage) values ('1F6E16AD', 'AMC', 'Pacer', '1976', 'compact', '70', 0, 0, 'no');
Insert into parks (loc_ID, license_plate) values (25, '1F6E16AD');






